y0,y1,y2,y3,y4,y5,y6,y7,y8,y9,y10,y11,y12,y13,y14,y15,y16,y17,y18,y19,y20,y21,y22,y23,y24,y25,y26,y27,y28,y29,y30,y31,y32,y33,y34,y35,y36,y37,y38,y39,y40,y41,y42,y43,y44,y45,y46,y47,y48,y49,y50,y51,y52,y53,y54,y55,y56,y57,y58,y59,y60,y61,y62,y63,y64,y65,y66,y67,y68,y69,y70,y71,y72,y73,y74
0.315625,0.128125,0.215625,0.1375,0.203125,0.1625,0.125,0.153125,0.146875,0.1875,0.196875,0.184375,0.096875,0.19375,0.20625,0.19375,0.24375,0.13125,0.253125,0.190625,0.23125,0.178125,0.103125,0.20625,0.153125,0.146875,0.178125,0.15625,0.30625,0.225,0.140625,0.2625,0.196875,0.171875,0.146875,0.14375,0.165625,0.175,0.115625,0.165625,0.1375,0.121875,0.159375,0.1875,0.165625,0.1625,0.128125,0.184375,0.175,0.14375,0.271875,0.1875,0.165625,0.1875,0.146875,0.196875,0.184375,0.2125,0.18125,0.271875,0.13125,0.290625,0.290625,0.203125,0.190625,0.28125,0.2,0.225,0.121875,0.190625,0.265625,0.115625,0.20625,0.171875,0.196875
0.18125,0.20625,0.3,0.21875,0.23125,0.290625,0.259375,0.29375,0.18125,0.21875,0.26875,0.225,0.21875,0.225,0.190625,0.21875,0.259375,0.26875,0.21875,0.25,0.2125,0.228125,0.21875,0.175,0.1875,0.2375,0.275,0.19375,0.2625,0.28125,0.225,0.284375,0.228125,0.209375,0.178125,0.24375,0.14375,0.23125,0.26875,0.271875,0.2375,0.1875,0.196875,0.234375,0.315625,0.303125,0.2125,0.234375,0.240625,0.2375,0.296875,0.3,0.240625,0.221875,0.175,0.346875,0.28125,0.1875,0.240625,0.265625,0.2625,0.19375,0.234375,0.275,0.184375,0.225,0.209375,0.209375,0.21875,0.196875,0.1375,0.190625,0.221875,0.2875,0.215625
0.3625,0.328125,0.3,0.2625,0.271875,0.178125,0.3,0.25,0.2625,0.2625,0.259375,0.271875,0.2375,0.346875,0.209375,0.2875,0.3,0.246875,0.290625,0.340625,0.225,0.3,0.225,0.315625,0.21875,0.265625,0.24375,0.259375,0.284375,0.240625,0.234375,0.259375,0.203125,0.328125,0.275,0.228125,0.240625,0.284375,0.378125,0.275,0.275,0.275,0.275,0.25,0.30625,0.3125,0.29375,0.23125,0.303125,0.296875,0.275,0.25625,0.2125,0.24375,0.303125,0.2875,0.234375,0.196875,0.3125,0.25,0.246875,0.253125,0.284375,0.284375,0.240625,0.23125,0.246875,0.240625,0.23125,0.253125,0.209375,0.25,0.275,0.25625,0.240625
0.303125,0.265625,0.3125,0.26875,0.3125,0.28125,0.34375,0.259375,0.359375,0.265625,0.315625,0.296875,0.228125,0.2875,0.2125,0.271875,0.30625,0.240625,0.275,0.35625,0.215625,0.334375,0.340625,0.25625,0.34375,0.290625,0.265625,0.3,0.36875,0.284375,0.334375,0.309375,0.25625,0.303125,0.278125,0.284375,0.2625,0.278125,0.421875,0.3,0.278125,0.321875,0.265625,0.275,0.34375,0.278125,0.271875,0.278125,0.253125,0.309375,0.3625,0.3,0.290625,0.278125,0.275,0.328125,0.359375,0.246875,0.29375,0.278125,0.440625,0.26875,0.24375,0.24375,0.33125,0.359375,0.290625,0.26875,0.33125,0.2625,0.30625,0.265625,0.315625,0.325,0.43125
0.30625,0.271875,0.321875,0.4125,0.271875,0.265625,0.275,0.30625,0.384375,0.28125,0.31875,0.328125,0.325,0.284375,0.296875,0.290625,0.35,0.296875,0.378125,0.303125,0.26875,0.284375,0.36875,0.25625,0.2875,0.384375,0.259375,0.303125,0.26875,0.359375,0.325,0.490625,0.315625,0.253125,0.315625,0.265625,0.2875,0.3125,0.46875,0.34375,0.284375,0.309375,0.315625,0.38125,0.28125,0.3375,0.334375,0.303125,0.34375,0.4,0.265625,0.325,0.421875,0.303125,0.334375,0.315625,0.271875,0.3,0.315625,0.3,0.315625,0.278125,0.515625,0.328125,0.321875,0.346875,0.2875,0.28125,0.271875,0.3125,0.35625,0.30625,0.296875,0.325,0.3125
0.3375,0.3125,0.334375,0.36875,0.321875,0.290625,0.325,0.28125,0.309375,0.4,0.3875,0.290625,0.38125,0.33125,0.30625,0.296875,0.353125,0.3,0.353125,0.321875,0.396875,0.30625,0.36875,0.29375,0.309375,0.29375,0.340625,0.3125,0.30625,0.303125,0.3,0.346875,0.259375,0.43125,0.35,0.334375,0.3,0.296875,0.478125,0.371875,0.278125,0.35,0.465625,0.315625,0.28125,0.440625,0.39375,0.309375,0.340625,0.328125,0.31875,0.325,0.353125,0.315625,0.315625,0.35,0.34375,0.30625,0.346875,0.4125,0.309375,0.309375,0.340625,0.3125,0.321875,0.31875,0.275,0.29375,0.290625,0.33125,0.346875,0.2875,0.309375,0.31875,0.325
0.509375,0.328125,0.4125,0.296875,0.29375,0.296875,0.30625,0.33125,0.315625,0.3375,0.36875,0.309375,0.3375,0.39375,0.26875,0.309375,0.31875,0.35,0.415625,0.3,0.315625,0.325,0.446875,0.30625,0.365625,0.340625,0.30625,0.34375,0.340625,0.346875,0.359375,0.328125,0.34375,0.303125,0.5,0.30625,0.321875,0.290625,0.496875,0.3375,0.30625,0.290625,0.409375,0.3125,0.309375,0.30625,0.325,0.290625,0.35,0.39375,0.321875,0.31875,0.31875,0.33125,0.31875,0.340625,0.31875,0.296875,0.3875,0.50625,0.315625,0.334375,0.4125,0.359375,0.278125,0.390625,0.3125,0.38125,0.328125,0.31875,0.334375,0.35,0.353125,0.325,0.346875
0.31875,0.31875,0.33125,0.325,0.371875,0.359375,0.309375,0.3125,0.328125,0.35,0.353125,0.290625,0.35625,0.34375,0.290625,0.315625,0.3625,0.29375,0.365625,0.309375,0.321875,0.34375,0.40625,0.309375,0.44375,0.396875,0.334375,0.328125,0.303125,0.378125,0.55625,0.43125,0.334375,0.3375,0.3625,0.503125,0.35,0.31875,0.58125,0.340625,0.421875,0.346875,0.39375,0.315625,0.29375,0.378125,0.353125,0.334375,0.4125,0.346875,0.35,0.328125,0.490625,0.33125,0.315625,0.38125,0.38125,0.328125,0.353125,0.3625,0.3125,0.35625,0.409375,0.4,0.3625,0.409375,0.296875,0.34375,0.334375,0.35,0.328125,0.321875,0.303125,0.334375,0.3875
0.31875,0.44375,0.403125,0.30625,0.3875,0.3125,0.334375,0.2875,0.315625,0.353125,0.3625,0.3375,0.365625,0.33125,0.28125,0.309375,0.33125,0.309375,0.328125,0.315625,0.353125,0.403125,0.36875,0.31875,0.415625,0.371875,0.26875,0.3875,0.325,0.321875,0.403125,0.45625,0.41875,0.365625,0.340625,0.325,0.346875,0.334375,0.59375,0.328125,0.334375,0.40625,0.3625,0.45,0.328125,0.359375,0.35625,0.359375,0.4375,0.378125,0.35,0.30625,0.30625,0.353125,0.35,0.3875,0.421875,0.41875,0.40625,0.36875,0.375,0.35625,0.35625,0.365625,0.2875,0.375,0.3375,0.315625,0.340625,0.35625,0.40625,0.34375,0.303125,0.39375,0.315625
0.35625,0.359375,0.375,0.415625,0.36875,0.3,0.353125,0.321875,0.296875,0.4,0.55,0.359375,0.353125,0.353125,0.3625,0.35625,0.353125,0.328125,0.340625,0.340625,0.375,0.33125,0.390625,0.315625,0.365625,0.296875,0.328125,0.465625,0.31875,0.359375,0.43125,0.33125,0.35,0.33125,0.36875,0.359375,0.371875,0.33125,0.634375,0.4,0.334375,0.415625,0.359375,0.38125,0.40625,0.44375,0.353125,0.321875,0.49375,0.5375,0.346875,0.35,0.321875,0.4125,0.359375,0.325,0.353125,0.390625,0.421875,0.534375,0.446875,0.4625,0.471875,0.46875,0.40625,0.425,0.378125,0.378125,0.35,0.415625,0.3375,0.315625,0.340625,0.390625,0.3125
0.365625,0.4125,0.3625,0.34375,0.5,0.315625,0.340625,0.328125,0.33125,0.3625,0.325,0.328125,0.409375,0.396875,0.353125,0.475,0.38125,0.33125,0.378125,0.34375,0.44375,0.35625,0.45625,0.334375,0.415625,0.3375,0.325,0.421875,0.334375,0.378125,0.5125,0.484375,0.36875,0.309375,0.44375,0.403125,0.328125,0.328125,0.584375,0.478125,0.40625,0.428125,0.3625,0.378125,0.365625,0.3625,0.353125,0.396875,0.521875,0.484375,0.35,0.33125,0.334375,0.39375,0.425,0.38125,0.459375,0.4,0.45,0.4375,0.45,0.384375,0.39375,0.51875,0.321875,0.55,0.346875,0.346875,0.35625,0.403125,0.35,0.328125,0.48125,0.4375,0.328125
0.378125,0.415625,0.353125,0.459375,0.425,0.371875,0.415625,0.36875,0.321875,0.371875,0.36875,0.34375,0.478125,0.39375,0.34375,0.33125,0.4,0.378125,0.35,0.3625,0.346875,0.41875,0.58125,0.503125,0.478125,0.403125,0.375,0.39375,0.40625,0.428125,0.49375,0.490625,0.378125,0.3375,0.36875,0.453125,0.33125,0.340625,0.609375,0.328125,0.3125,0.346875,0.38125,0.36875,0.328125,0.3875,0.3875,0.38125,0.353125,0.834375,0.4125,0.35,0.34375,0.484375,0.3875,0.5125,0.428125,0.640625,0.54375,0.440625,0.371875,0.3875,0.409375,0.51875,0.334375,0.45,0.36875,0.328125,0.5,0.3875,0.3625,0.346875,0.55625,0.38125,0.41875
0.325,0.509375,0.4125,0.45,0.425,0.290625,0.35625,0.3625,0.334375,0.384375,0.384375,0.3375,0.571875,0.53125,0.3875,0.3125,0.403125,0.35625,0.375,0.353125,0.359375,0.40625,0.5375,0.34375,0.534375,0.421875,0.321875,0.378125,0.378125,0.3625,0.434375,0.4125,0.39375,0.45,0.403125,0.471875,0.353125,0.35,0.684375,0.5,0.34375,0.390625,0.39375,0.34375,0.425,0.559375,0.359375,0.475,0.46875,0.378125,0.346875,0.35625,0.390625,0.609375,0.40625,0.365625,0.528125,0.68125,0.575,0.54375,0.50625,0.584375,0.465625,0.484375,0.553125,0.60625,0.50625,0.353125,0.521875,0.440625,0.4,0.378125,0.371875,0.403125,0.365625
0.409375,0.503125,0.36875,0.503125,0.40625,0.35625,0.521875,0.33125,0.34375,0.428125,0.3625,0.35625,0.584375,0.515625,0.415625,0.321875,0.390625,0.3625,0.3875,0.384375,0.40625,0.4875,0.603125,0.33125,0.540625,0.390625,0.440625,0.4625,0.409375,0.45625,0.540625,0.5125,0.496875,0.325,0.471875,0.390625,0.35625,0.346875,0.65,0.36875,0.33125,0.4375,0.4125,0.39375,0.48125,0.54375,0.5125,0.44375,0.4375,0.49375,0.390625,0.3625,0.446875,0.578125,0.4875,0.45,0.415625,0.615625,0.490625,0.65,0.38125,0.515625,0.6875,0.496875,0.553125,0.484375,0.49375,0.403125,0.4375,0.4375,0.45,0.3625,0.35625,0.378125,0.409375
0.346875,0.615625,0.3875,0.484375,0.46875,0.3625,0.425,0.375,0.3875,0.390625,0.6375,0.390625,0.6875,0.509375,0.3625,0.375,0.421875,0.3375,0.459375,0.39375,0.496875,0.4125,0.53125,0.375,0.496875,0.39375,0.4125,0.409375,0.409375,0.396875,0.471875,0.45,0.546875,0.41875,0.521875,0.465625,0.34375,0.55,0.65,0.44375,0.69375,0.4125,0.434375,0.371875,0.421875,0.625,0.625,0.440625,0.4625,0.45,0.35,0.34375,0.45,0.540625,0.640625,0.509375,0.684375,0.54375,0.45625,0.65,0.396875,0.4875,0.565625,0.51875,0.5375,0.628125,0.434375,0.415625,0.3875,0.61875,0.415625,0.334375,0.409375,0.4625,0.346875
0.3875,0.521875,0.3625,0.5125,0.421875,0.384375,0.50625,0.428125,0.371875,0.46875,0.38125,0.390625,0.64375,0.503125,0.378125,0.353125,0.5125,0.453125,0.4,0.384375,0.44375,0.471875,0.640625,0.484375,0.596875,0.525,0.346875,0.39375,0.478125,0.409375,0.48125,0.5625,0.4625,0.41875,0.453125,0.403125,0.371875,0.465625,0.68125,0.54375,0.35625,0.440625,0.584375,0.421875,0.4,0.56875,0.528125,0.678125,0.46875,0.496875,0.49375,0.4875,0.50625,0.634375,0.434375,0.5375,0.50625,0.525,0.46875,0.5375,0.353125,0.546875,0.521875,0.63125,0.534375,0.65625,0.390625,0.471875,0.496875,0.55,0.525,0.496875,0.503125,0.521875,0.375
0.3875,0.6,0.475,0.6125,0.503125,0.365625,0.521875,0.421875,0.4375,0.446875,0.490625,0.38125,0.6625,0.45,0.378125,0.4125,0.440625,0.51875,0.446875,0.4125,0.44375,0.553125,0.665625,0.39375,0.64375,0.46875,0.378125,0.496875,0.56875,0.421875,0.859375,0.403125,0.56875,0.459375,0.5625,0.7875,0.390625,0.671875,0.659375,0.51875,0.403125,0.515625,0.428125,0.421875,0.4625,0.678125,0.534375,0.6125,0.553125,0.55,0.503125,0.390625,0.425,0.6625,0.465625,0.603125,0.746875,0.8375,0.625,0.65625,0.390625,0.653125,0.525,0.6625,0.49375,0.63125,0.4125,0.434375,0.584375,0.671875,0.434375,0.5375,0.5125,0.4875,0.384375
0.425,0.571875,0.371875,0.4625,0.421875,0.365625,0.5,0.34375,0.384375,0.4625,0.521875,0.45625,0.640625,0.409375,0.4,0.540625,0.5,0.446875,0.428125,0.421875,0.453125,0.596875,0.7125,0.396875,0.60625,0.5125,0.475,0.484375,0.459375,0.403125,0.49375,0.496875,0.478125,0.346875,0.540625,0.471875,0.378125,0.45625,0.675,0.696875,0.371875,0.475,0.48125,0.503125,0.390625,0.621875,0.5375,0.840625,0.6,0.85625,0.459375,0.515625,0.44375,0.6375,0.5625,0.525,0.509375,0.68125,0.6,0.75,0.409375,0.69375,0.440625,0.6125,0.6875,0.65,0.415625,0.54375,0.50625,0.6,0.66875,0.4375,0.60625,0.515625,0.390625
0.484375,0.53125,0.471875,0.4125,0.4625,0.384375,0.44375,0.375,0.359375,0.5375,0.675,0.578125,0.653125,0.46875,0.43125,0.396875,0.478125,0.515625,0.490625,0.390625,0.478125,0.771875,0.640625,0.40625,0.6125,0.525,0.353125,0.5375,0.55625,0.490625,0.58125,0.48125,0.534375,0.38125,0.61875,0.496875,0.38125,0.559375,0.68125,0.775,0.43125,0.49375,0.528125,0.45,0.403125,0.646875,0.58125,0.628125,0.621875,1.559375,0.478125,0.475,0.59375,0.678125,0.54375,0.5625,0.603125,0.875,0.6125,0.7125,0.39375,0.684375,0.590625,0.615625,0.553125,0.76875,0.4875,0.60625,0.628125,0.528125,0.7875,0.4,0.60625,0.665625,0.384375
0.4875,0.5625,0.48125,0.446875,0.44375,0.4375,0.521875,0.353125,0.41875,0.503125,0.6125,0.453125,0.6625,0.4375,0.415625,0.4,0.603125,0.465625,0.5375,0.39375,0.515625,0.640625,0.68125,0.425,0.834375,0.5875,0.403125,0.528125,0.59375,0.53125,0.509375,0.55,0.503125,0.434375,0.646875,0.471875,0.409375,0.534375,0.71875,0.759375,0.590625,0.6125,0.565625,0.45625,0.4625,0.63125,0.615625,0.63125,0.6,1.259375,0.51875,0.509375,0.5625,0.615625,0.678125,0.553125,0.58125,0.828125,0.646875,0.715625,0.421875,0.64375,0.5875,0.675,0.753125,1.684375,0.85,0.4625,0.65625,0.590625,0.63125,0.446875,0.6875,0.540625,0.375
0.496875,0.590625,0.5375,0.55625,0.4125,0.384375,0.603125,0.396875,0.44375,0.484375,0.634375,0.4375,0.728125,0.459375,0.4125,0.509375,0.603125,0.56875,0.4875,0.415625,0.45,0.578125,0.721875,0.45,0.675,0.575,0.45625,0.59375,0.55625,0.553125,0.596875,0.6125,0.48125,0.453125,0.609375,0.425,0.409375,0.51875,0.68125,0.825,0.496875,0.609375,0.559375,0.409375,0.484375,0.7125,0.6625,0.68125,0.678125,0.85625,0.671875,0.425,0.5,0.665625,1.075,0.6125,0.653125,0.984375,0.7125,0.7,0.4375,0.703125,0.7375,0.621875,0.621875,0.66875,0.56875,0.475,0.65,0.525,0.765625,0.43125,0.6875,0.646875,0.4375
0.6375,0.6375,0.471875,0.590625,0.515625,0.4,0.615625,0.50625,0.646875,0.5125,0.66875,0.440625,0.671875,0.4875,0.459375,0.490625,0.7375,0.421875,0.45625,0.403125,0.503125,0.66875,0.734375,0.45625,0.8375,0.75625,0.4625,0.609375,0.68125,0.490625,0.6625,0.6375,0.525,0.4375,0.628125,0.65,0.384375,0.63125,0.690625,0.740625,0.76875,0.6375,0.634375,0.390625,0.503125,0.65,0.659375,0.684375,0.684375,0.709375,0.625,0.465625,0.621875,0.696875,1.2375,0.6625,1.63125,0.884375,0.63125,0.7,0.540625,0.771875,0.471875,0.71875,0.7375,0.93125,0.54375,0.534375,0.64375,0.615625,0.89375,0.41875,0.71875,0.66875,0.440625
0.521875,0.6875,0.53125,0.60625,0.521875,0.478125,0.83125,0.55,0.446875,0.553125,0.6,0.540625,0.753125,0.534375,0.425,0.5375,0.7125,0.54375,0.578125,0.39375,0.4625,0.6125,0.709375,0.484375,0.68125,0.6875,0.465625,0.56875,0.74375,0.584375,0.540625,0.578125,0.8875,0.434375,0.865625,0.553125,0.475,0.56875,0.70625,0.725,0.509375,0.7,0.596875,0.415625,0.446875,0.653125,0.73125,0.70625,0.74375,1.2,0.825,0.634375,0.728125,0.690625,0.909375,0.596875,0.75,0.953125,0.678125,0.728125,0.45625,0.740625,0.603125,0.7125,0.940625,0.703125,0.440625,0.590625,0.6625,0.590625,0.921875,0.50625,0.671875,0.66875,0.4875
0.496875,0.690625,0.565625,0.603125,0.5875,0.49375,0.66875,0.503125,0.459375,0.53125,1.128125,0.53125,0.665625,0.496875,0.46875,0.4875,0.6125,0.703125,0.465625,0.446875,0.54375,0.646875,0.778125,0.428125,0.684375,0.64375,0.434375,0.634375,0.70625,0.603125,0.60625,0.725,0.765625,0.46875,0.7125,0.740625,0.446875,0.61875,0.715625,0.740625,0.596875,0.621875,0.634375,0.459375,0.515625,0.703125,0.70625,0.734375,0.69375,1.234375,0.6125,0.565625,0.640625,0.690625,0.775,0.66875,0.896875,2.0375,0.73125,0.725,0.43125,0.784375,1.05,0.678125,0.95,0.96875,0.5125,0.675,0.63125,0.64375,0.996875,0.6,0.746875,0.74375,0.60625
0.51875,0.640625,0.58125,0.703125,0.578125,0.55625,0.65625,0.559375,0.484375,0.5375,0.59375,0.4875,0.721875,0.5,0.46875,0.596875,0.684375,0.69375,0.49375,0.421875,0.475,0.696875,0.771875,0.7,0.71875,0.6625,0.4625,0.640625,0.6875,0.46875,0.55625,0.990625,0.746875,0.60625,0.9,0.64375,0.44375,0.609375,0.76875,0.81875,0.5375,0.709375,0.646875,0.434375,0.453125,0.68125,0.6,0.7875,0.73125,1.39375,0.7375,0.571875,0.60625,0.7375,1.790625,0.665625,0.75,1.246875,0.65,0.721875,0.434375,0.7125,0.671875,0.678125,0.984375,0.721875,0.615625,0.584375,0.634375,0.678125,0.734375,0.590625,0.6875,1.25625,0.58125
0.6125,0.64375,0.628125,0.596875,0.559375,0.540625,0.675,0.621875,0.5125,0.528125,0.6625,0.578125,0.675,0.44375,0.65,0.528125,1.03125,0.671875,0.571875,0.415625,0.51875,0.8125,0.71875,0.540625,0.678125,0.746875,0.4375,0.678125,0.6875,0.55,0.55625,0.746875,0.625,0.521875,0.70625,0.6875,0.48125,0.65,0.725,0.71875,0.85,0.825,0.8875,0.465625,0.50625,0.69375,1.315625,0.809375,0.75,2.48125,0.921875,0.68125,0.65625,0.76875,0.675,0.74375,0.7,1.38125,0.68125,0.7375,0.478125,0.703125,0.7375,0.7,1.33125,0.696875,0.609375,0.63125,0.690625,0.728125,0.715625,0.621875,0.7375,1.65,0.590625
0.55625,0.709375,0.578125,0.659375,0.675,0.565625,0.690625,0.5875,0.4875,0.56875,0.75625,0.51875,0.74375,0.540625,0.534375,0.6125,0.725,0.7,0.58125,0.41875,0.58125,1.04375,0.715625,0.603125,0.74375,0.759375,0.471875,0.609375,0.7,0.678125,0.61875,0.715625,1.04375,0.609375,0.815625,0.70625,0.5,0.640625,0.728125,0.721875,0.73125,0.64375,0.728125,0.528125,0.5125,0.734375,0.753125,0.771875,0.734375,2.109375,1.303125,0.690625,0.671875,0.803125,0.846875,0.746875,0.734375,1.265625,0.690625,0.721875,0.421875,0.74375,0.665625,0.69375,1.440625,0.715625,0.65,0.65625,0.778125,0.74375,0.821875,0.634375,0.734375,0.728125,0.6
0.578125,0.65625,0.5875,0.66875,0.640625,0.559375,0.740625,0.546875,0.721875,0.675,0.65625,0.66875,0.721875,0.465625,0.60625,0.58125,0.746875,0.74375,0.596875,0.440625,0.59375,0.828125,0.784375,0.475,0.734375,0.7625,0.603125,0.709375,0.70625,0.6125,0.6375,0.696875,0.784375,0.51875,0.759375,0.709375,0.478125,0.65,0.7375,0.70625,0.840625,0.6875,0.66875,0.459375,0.525,0.7375,1.875,0.809375,0.709375,2.709375,1.14375,0.7,0.675,1.425,0.821875,0.725,0.88125,1.3625,0.721875,0.759375,0.46875,0.690625,0.65625,0.728125,1.428125,0.765625,0.625,0.5125,1.725,1.009375,0.659375,0.690625,0.709375,0.965625,0.7375
0.540625,0.79375,0.634375,0.68125,0.671875,0.634375,0.725,0.5125,0.690625,0.653125,0.690625,0.740625,0.728125,0.521875,0.675,0.6125,0.634375,0.728125,0.571875,0.4625,0.646875,0.8,0.746875,0.509375,0.7125,0.778125,0.55,0.678125,0.69375,0.634375,0.640625,0.73125,0.778125,0.525,0.715625,0.784375,0.459375,0.875,0.7375,0.725,0.578125,0.765625,0.78125,0.4875,0.58125,0.71875,1.41875,0.728125,0.7125,3.45,0.975,0.728125,0.6875,0.703125,0.6875,0.728125,0.790625,1.4375,0.765625,0.775,0.459375,0.696875,0.728125,0.740625,1.515625,0.803125,0.58125,0.715625,0.665625,0.8125,1.89375,0.696875,0.740625,0.91875,0.61875
0.596875,0.690625,0.634375,0.653125,0.675,0.6375,0.7125,0.49375,0.659375,0.625,0.69375,0.64375,0.696875,0.50625,0.684375,0.615625,0.684375,0.68125,0.6375,0.46875,0.615625,0.76875,0.734375,0.571875,0.7375,0.715625,0.565625,0.625,0.715625,0.65,0.7,0.796875,1.334375,0.571875,0.771875,0.76875,0.578125,0.775,0.7625,0.728125,0.703125,0.725,0.709375,0.49375,0.628125,0.703125,2.659375,0.684375,0.78125,3.7625,1.428125,0.75625,0.684375,0.73125,0.725,0.70625,0.990625,1.63125,0.73125,0.75,0.60625,0.7,0.696875,0.925,2.178125,1.025,0.634375,0.615625,0.746875,0.871875,1.040625,0.709375,0.75625,2.26875,0.98125
0.54375,0.765625,0.709375,0.71875,0.753125,0.621875,0.815625,0.46875,0.6875,0.621875,0.703125,0.70625,0.73125,0.56875,0.675,0.7125,0.646875,0.6875,0.746875,0.453125,0.615625,0.715625,0.784375,0.590625,0.790625,0.671875,0.621875,0.690625,0.721875,0.646875,0.64375,0.775,1.0375,0.6,0.790625,0.934375,0.534375,0.709375,0.7625,0.70625,0.653125,1.64375,1.1875,0.546875,0.6125,1.16875,1.23125,0.721875,0.75,2.528125,1.79375,0.8,0.765625,0.859375,0.74375,0.73125,1.090625,1.753125,0.75,0.75625,0.5875,0.80625,0.68125,1.23125,1.64375,0.703125,0.628125,0.646875,0.721875,2.596875,1.403125,0.65,0.7625,2.046875,0.675
0.5875,0.73125,0.69375,0.684375,0.665625,0.665625,0.78125,0.55625,0.728125,0.659375,0.7625,0.590625,0.740625,0.521875,0.58125,0.784375,0.69375,0.825,0.6125,0.5,0.665625,0.740625,0.75,0.58125,0.725,0.715625,0.625,0.709375,0.696875,0.646875,0.671875,0.740625,1.00625,0.6625,0.734375,0.7125,0.525,0.721875,0.678125,0.73125,0.709375,0.690625,0.69375,0.496875,0.75,0.696875,1.50625,0.8125,0.753125,2.93125,1.696875,0.73125,0.721875,0.74375,0.746875,0.734375,1.3125,1.559375,0.703125,0.7625,0.565625,0.740625,0.75,0.81875,2.459375,1.38125,0.68125,1.075,0.740625,2.3125,1.671875,0.75625,0.740625,1.2875,0.70625
0.60625,0.7,0.69375,0.778125,0.684375,0.725,0.78125,0.5625,0.734375,0.653125,0.721875,0.684375,0.678125,0.528125,0.5875,0.759375,0.80625,0.66875,0.671875,0.484375,0.64375,0.721875,1.040625,0.678125,0.725,0.68125,1.378125,0.659375,0.75,0.70625,0.75,0.740625,1.94375,0.584375,0.753125,0.75625,0.509375,0.996875,0.75,0.725,0.671875,1.059375,0.978125,0.515625,1.84375,0.721875,2.221875,0.753125,0.753125,2.965625,1.9625,0.721875,0.74375,0.740625,0.696875,0.73125,1.43125,1.38125,0.740625,0.7,0.5375,0.7375,0.73125,0.725,2.140625,0.8,0.625,0.6875,0.73125,1.125,1.2125,0.709375,0.7,0.925,0.6875
0.55,0.753125,0.66875,0.74375,0.684375,0.65625,0.7625,0.49375,0.8,0.684375,0.75,0.678125,0.73125,0.5375,0.696875,0.728125,0.753125,0.7,0.6375,0.525,0.653125,1.13125,0.7375,0.678125,0.715625,0.784375,0.56875,0.659375,0.721875,0.715625,0.7125,0.759375,1.45,0.64375,0.740625,0.7,0.5,1.0375,0.815625,0.740625,0.715625,1.04375,0.853125,0.5125,0.640625,0.709375,3.0375,0.725,0.7125,4.434375,2.009375,0.740625,0.7,0.915625,0.75625,0.775,1.51875,1.45625,0.71875,0.75,0.634375,0.6875,0.74375,0.825,2.665625,0.953125,0.640625,1.009375,0.728125,0.74375,1.5125,0.725,0.73125,1.421875,1.0125
0.69375,0.696875,0.671875,0.753125,0.725,0.678125,0.775,0.7,0.709375,0.7,0.8125,0.75625,0.715625,0.584375,0.640625,0.68125,0.7125,0.70625,0.665625,0.496875,0.675,2.065625,0.7125,0.725,0.721875,0.85,0.690625,0.6875,0.734375,0.7625,0.7,0.759375,1.328125,0.65,0.73125,0.734375,0.440625,0.93125,0.7125,1.15,0.690625,0.725,1.6375,0.55625,0.79375,0.709375,2.678125,0.74375,0.728125,6.278125,1.75625,0.74375,0.775,0.946875,0.74375,0.728125,2.025,1.39375,0.746875,1.24375,0.546875,0.778125,0.740625,0.73125,2.715625,1.88125,0.725,0.78125,0.759375,0.771875,1.965625,0.71875,0.746875,0.96875,0.946875
0.5875,0.771875,0.69375,0.721875,0.70625,0.64375,0.784375,0.609375,0.6625,0.765625,0.76875,0.69375,0.709375,0.634375,0.621875,0.721875,0.803125,0.728125,0.69375,0.50625,0.56875,0.815625,0.88125,0.68125,0.725,0.84375,0.8,0.70625,0.775,0.75,0.69375,0.759375,1.44375,0.83125,0.740625,0.715625,0.475,0.871875,0.7625,0.7375,1.225,0.71875,1.4625,0.546875,0.7125,0.71875,2.575,1.071875,0.7125,3.56875,2.128125,0.790625,0.78125,0.815625,0.765625,0.778125,1.821875,1.54375,0.721875,0.740625,0.603125,0.765625,0.709375,0.978125,2.471875,1.690625,0.721875,0.803125,0.759375,0.80625,2.159375,1.16875,0.75625,3.0875,0.846875
0.628125,0.69375,0.696875,0.73125,0.7,0.703125,0.746875,0.703125,0.6875,0.74375,0.74375,0.7625,0.71875,0.615625,0.65625,0.76875,0.7375,0.6625,0.771875,0.546875,0.6125,0.8125,0.746875,0.7,0.78125,0.746875,1.01875,0.73125,0.71875,0.778125,0.675,0.771875,1.64375,0.76875,0.778125,0.709375,0.453125,1.059375,0.753125,0.896875,0.671875,0.85625,1.603125,0.559375,0.69375,0.734375,3.659375,3.003125,0.78125,8.034375,2.2,0.940625,1.265625,1.2875,1.0375,0.75625,2.003125,1.403125,0.740625,0.7625,0.6625,0.71875,0.746875,0.7375,3.1375,3.01875,0.74375,1.36875,0.8625,0.7875,3.221875,0.771875,0.740625,2.4125,1.371875
0.634375,0.71875,0.70625,0.746875,0.7625,0.721875,0.76875,0.696875,0.70625,0.7,0.73125,0.81875,0.803125,0.646875,0.7,1.075,0.809375,0.775,0.69375,0.509375,0.66875,1.50625,0.940625,0.696875,0.6625,0.878125,0.765625,0.69375,0.771875,0.75,0.74375,0.746875,1.6125,0.884375,0.7625,0.853125,0.471875,0.990625,0.75625,0.90625,0.9125,0.765625,1.415625,0.678125,0.715625,0.71875,3.459375,1.78125,0.778125,5.803125,2.3,0.903125,1.01875,1.378125,0.7875,0.753125,2.296875,1.55625,0.753125,1.003125,0.703125,0.75,0.828125,0.775,2.340625,2.203125,0.728125,0.915625,0.7625,0.759375,3.375,0.753125,0.753125,2.91875,1.19375
0.69375,0.7375,0.746875,0.79375,0.76875,0.734375,0.759375,0.690625,0.684375,0.715625,0.728125,0.790625,0.7625,0.684375,0.68125,0.75,0.721875,0.709375,0.78125,0.546875,0.65625,1.146875,1.1125,0.75625,0.71875,0.83125,0.98125,0.753125,0.740625,0.728125,0.759375,0.73125,1.953125,0.86875,0.775,2.00625,0.484375,1.096875,0.74375,0.784375,0.671875,0.7625,2.203125,0.6,0.784375,0.721875,3.534375,1.246875,0.74375,6.0125,2.13125,3.90625,0.8125,1.65,0.7125,0.803125,2.9625,1.640625,0.74375,0.75625,0.675,0.75625,0.740625,0.753125,2.55625,2.7875,0.7125,0.921875,0.753125,0.8125,3.159375,0.778125,0.809375,1.996875,1.403125
0.625,0.6875,0.721875,0.740625,0.725,0.746875,0.803125,0.771875,0.775,0.690625,0.7625,0.74375,0.778125,0.64375,0.75625,0.7125,0.759375,0.715625,0.728125,0.49375,0.66875,1.321875,0.765625,0.671875,0.696875,0.765625,0.634375,0.703125,0.759375,0.7,0.715625,0.753125,2.409375,0.9375,0.75625,3.478125,0.534375,1.125,0.753125,0.85,0.75,0.746875,2.065625,0.634375,0.70625,0.75625,5.4375,1.35,0.70625,6.55,2.496875,1.696875,1.575,1.515625,0.7875,0.740625,2.81875,1.8375,0.75,0.76875,0.653125,0.75,0.765625,0.75625,1.89375,3.371875,0.715625,1.240625,0.8375,1.075,3.390625,1.4,0.76875,1.721875,1.453125
0.665625,0.70625,0.71875,0.71875,0.70625,0.70625,0.771875,0.703125,0.728125,0.75625,0.75625,0.771875,0.775,0.64375,0.71875,0.759375,0.74375,0.71875,0.75625,0.590625,1.4,0.778125,1.165625,0.721875,0.7,0.8375,0.634375,0.746875,0.734375,0.7125,0.74375,0.734375,2.753125,0.990625,0.815625,2.578125,0.6375,1.440625,0.746875,0.7625,0.8,0.996875,3.05625,0.690625,0.746875,0.775,4.95625,3.23125,0.775,5.90625,3.5,2.59375,0.746875,2.090625,0.740625,0.753125,3.940625,1.840625,0.721875,0.759375,0.715625,0.75625,0.725,0.74375,3.109375,3.05,0.73125,1.053125,0.91875,0.853125,3.096875,3.540625,0.853125,2.978125,1.771875
0.66875,0.696875,0.75,0.7875,0.73125,0.765625,0.753125,0.734375,0.7375,0.75,0.75,0.775,0.7375,0.659375,0.740625,0.846875,1.809375,0.746875,0.728125,0.615625,1.0875,0.771875,0.9375,0.740625,0.7875,0.834375,0.73125,0.759375,0.71875,0.79375,0.753125,0.7625,2.415625,1.0875,0.74375,7.678125,0.621875,1.05,0.9875,0.871875,0.759375,0.778125,3.403125,0.659375,0.89375,0.7875,4.284375,2.6125,0.759375,7.565625,2.96875,2.459375,0.784375,1.95,0.80625,0.746875,3.784375,1.690625,0.721875,0.740625,0.728125,0.71875,0.728125,0.778125,2.678125,3.10625,0.76875,1.328125,1.26875,0.94375,3.665625,1.315625,1.50625,2.06875,1.515625
0.671875,0.675,0.68125,0.75625,0.678125,0.715625,0.765625,0.709375,0.7375,0.73125,0.771875,0.7375,0.7875,0.703125,0.74375,0.75625,0.759375,0.7875,0.75,0.546875,0.66875,0.740625,0.984375,0.771875,0.771875,0.834375,1.13125,0.69375,0.759375,0.753125,0.775,0.840625,4.434375,0.9625,0.8,4.3,0.5875,1.196875,2.628125,3.540625,0.74375,0.796875,3.95,0.66875,0.73125,0.70625,4.403125,3.521875,0.75,6.259375,3.878125,2.265625,0.75,1.540625,0.746875,0.771875,4.2375,1.778125,0.746875,0.7375,0.803125,0.740625,0.79375,0.7625,2.025,4.0125,0.846875,0.625,0.8125,0.88125,3.896875,1.1125,1.278125,2.175,1.728125
0.69375,0.7,0.703125,0.73125,0.69375,0.765625,0.771875,0.746875,0.778125,0.675,0.75625,0.74375,0.740625,0.7,0.775,0.765625,0.928125,0.709375,0.740625,0.575,0.69375,0.8,1.140625,0.746875,0.709375,0.89375,0.675,0.74375,0.721875,0.796875,0.71875,0.796875,3.2625,0.971875,0.778125,8.803125,0.5875,1.03125,1.24375,1.20625,0.75,0.85,4.2125,0.709375,0.71875,0.784375,4.971875,3.946875,0.753125,6.578125,4.14375,3.140625,0.7625,2.934375,0.771875,0.796875,4.24375,1.671875,0.778125,0.753125,0.70625,0.728125,0.7375,0.771875,2.46875,3.53125,0.94375,0.7375,0.884375,1.025,3.771875,0.853125,0.821875,2.86875,2.0625
0.6875,0.703125,0.7,0.76875,0.721875,0.721875,0.75,0.75625,0.725,0.759375,0.715625,0.746875,0.7625,0.703125,0.75625,0.796875,0.721875,0.721875,0.759375,0.65625,0.684375,0.834375,0.828125,0.81875,0.69375,0.896875,0.603125,0.7375,0.765625,0.76875,0.746875,0.73125,4.171875,1.025,0.765625,5.515625,0.665625,1.040625,0.871875,1.865625,0.740625,0.75625,5.0625,0.7125,1.73125,0.796875,6.071875,4.903125,0.784375,8.646875,5.296875,3.215625,0.775,1.734375,0.74375,0.746875,3.05,1.7875,0.746875,0.74375,1.25625,0.790625,0.74375,0.78125,2.571875,4.759375,0.79375,0.996875,0.928125,1.55,4.765625,1.759375,0.796875,2.73125,2.03125
0.690625,0.703125,0.703125,0.746875,0.709375,0.7375,0.828125,0.7625,0.8,0.74375,0.75,0.75,0.7375,0.684375,0.74375,0.753125,0.7375,0.796875,0.765625,0.68125,0.728125,0.753125,0.75625,0.771875,0.690625,0.971875,1.028125,0.753125,0.74375,0.759375,0.7375,0.790625,5.46875,1.046875,0.7625,8.125,0.659375,1.075,3.496875,0.846875,0.76875,0.78125,4.965625,0.678125,0.796875,0.73125,5.246875,4.75,0.759375,10.296875,5.771875,7.259375,2.575,3.334375,0.75,0.74375,8.659375,1.8625,0.759375,0.734375,1.190625,0.875,0.78125,0.753125,2.590625,5.828125,0.7875,1.909375,1.703125,1.346875,4.7,4.490625,0.7375,3.18125,1.734375
0.709375,0.725,0.709375,0.746875,0.703125,0.759375,0.784375,0.76875,0.778125,0.790625,0.7125,0.753125,0.775,0.69375,0.725,0.79375,0.7875,0.771875,0.809375,0.671875,0.665625,0.765625,0.740625,0.734375,0.721875,0.971875,0.734375,0.69375,0.759375,0.740625,0.784375,0.734375,3.840625,0.9125,0.80625,10.059375,0.653125,1.1125,1.26875,1.334375,1.259375,0.76875,4.26875,0.684375,0.728125,0.75,5.09375,5.3875,0.746875,8.040625,7.228125,8.95,2.10625,1.996875,0.815625,0.765625,3.684375,2.1625,0.790625,0.76875,4.678125,0.71875,0.76875,0.796875,2.25625,4.209375,0.8,1.265625,1.80625,0.91875,4.578125,5.659375,0.7375,2.6625,2.05
0.653125,0.765625,0.728125,0.71875,0.715625,0.746875,0.771875,0.765625,0.7375,0.74375,0.746875,0.73125,0.7625,0.759375,0.75625,0.765625,0.759375,0.721875,0.78125,0.671875,1.034375,0.803125,0.778125,0.7625,0.725,0.971875,0.6625,0.771875,0.753125,0.803125,0.778125,0.809375,5.403125,1.103125,0.740625,3.190625,0.684375,1.140625,4.8125,4.109375,0.759375,0.753125,5.909375,0.690625,1.14375,0.71875,6.88125,5.05625,0.8,10.325,10.6,4.809375,2.25,3.18125,0.846875,0.771875,4.31875,2.0375,0.721875,0.74375,4.3875,0.775,0.76875,1.29375,2.490625,6.3875,0.896875,2.025,1.2125,0.871875,5.496875,2.9375,0.7625,2.48125,2.73125
0.6875,0.7625,0.759375,0.778125,0.728125,0.75625,0.7375,0.7375,0.775,0.784375,0.74375,0.753125,0.76875,0.70625,0.728125,0.79375,0.771875,1.146875,0.734375,0.7375,0.78125,0.74375,1.06875,0.725,0.73125,1.015625,1.078125,0.734375,0.7625,0.728125,0.7375,0.759375,4.478125,1.04375,0.759375,4.7125,0.7125,1.2625,1.61875,4.54375,0.75625,0.853125,5.69375,0.7125,0.7625,0.753125,7.025,7.05,0.78125,7.753125,11.64375,7.896875,1.978125,3.909375,0.753125,0.715625,5.615625,1.9,0.75,0.746875,1.3125,0.9125,0.8375,0.8,2.278125,5.1375,0.759375,1.746875,4.35,1.203125,6.15,3.640625,1.41875,4.19375,2.203125
0.6375,0.778125,0.696875,0.75,0.771875,0.759375,0.8,0.809375,0.759375,0.75,0.7375,0.79375,0.753125,0.715625,0.7125,0.75625,0.78125,0.921875,0.765625,0.715625,0.83125,0.753125,1.509375,0.721875,0.7,1.0,0.853125,0.746875,0.75625,0.75625,0.81875,0.790625,5.665625,1.065625,0.76875,5.4375,0.64375,1.284375,3.18125,0.81875,0.746875,0.753125,6.059375,0.7,1.6125,0.71875,11.459375,7.109375,0.759375,9.028125,12.071875,5.4875,2.465625,3.975,0.74375,0.778125,3.503125,2.109375,0.803125,0.753125,2.278125,0.73125,0.753125,0.88125,2.3875,6.515625,1.084375,1.503125,1.0375,1.1,6.10625,4.046875,2.06875,2.878125,3.428125
0.653125,0.753125,0.73125,0.775,0.69375,0.771875,0.75625,0.76875,0.75,0.71875,0.740625,0.728125,0.803125,0.746875,0.7625,0.825,0.753125,0.734375,0.7625,0.715625,0.7625,0.76875,0.753125,0.953125,0.740625,1.184375,2.11875,0.715625,0.809375,0.73125,0.728125,0.78125,5.3125,0.996875,0.803125,12.996875,0.7375,1.2125,3.19375,2.89375,0.803125,0.809375,5.790625,0.675,1.01875,0.7375,6.515625,6.78125,0.74375,10.58125,16.91875,8.15625,3.065625,3.96875,0.7375,0.759375,3.25,2.05625,0.753125,0.796875,1.403125,0.7375,0.74375,0.75,2.6625,6.365625,0.75,2.471875,1.553125,0.93125,4.8,3.83125,1.790625,3.690625,3.459375
0.675,0.75625,0.7375,0.7375,0.709375,0.746875,0.81875,0.771875,0.78125,0.728125,0.734375,0.765625,0.709375,0.73125,0.7625,0.759375,0.809375,0.75625,0.803125,0.675,0.840625,0.75625,0.78125,0.996875,0.740625,0.990625,1.06875,0.709375,0.8,0.884375,0.728125,0.75625,4.653125,1.078125,0.75,7.315625,0.628125,1.33125,4.553125,2.85625,0.746875,0.803125,7.178125,0.709375,0.809375,0.746875,6.965625,8.546875,0.75625,13.296875,12.771875,7.39375,3.01875,3.515625,0.759375,0.76875,3.478125,2.165625,0.740625,0.759375,2.584375,0.7375,0.746875,1.009375,3.028125,13.375,1.21875,1.934375,1.459375,1.034375,7.2125,6.034375,2.6125,8.1375,4.046875
0.665625,0.784375,0.765625,0.7625,0.703125,0.728125,0.784375,0.746875,0.803125,0.78125,0.75625,0.759375,0.753125,0.715625,0.828125,0.815625,0.7375,0.825,0.765625,0.728125,0.746875,0.771875,0.7625,0.903125,0.73125,0.971875,1.503125,0.71875,0.775,0.7625,0.784375,0.79375,5.04375,1.109375,0.771875,7.178125,0.6875,1.115625,4.159375,2.4125,0.80625,0.746875,8.471875,0.70625,1.271875,0.76875,7.965625,10.5375,0.7625,8.815625,22.096875,6.1875,4.053125,4.671875,0.753125,0.775,3.0375,1.978125,0.778125,0.734375,2.978125,0.878125,0.8125,1.0875,3.040625,7.621875,1.81875,1.6125,1.959375,0.99375,6.740625,4.934375,3.1625,4.990625,6.696875
0.684375,0.728125,0.69375,0.75625,0.709375,0.8,0.78125,0.778125,0.765625,0.740625,0.746875,0.803125,0.79375,0.75,0.771875,0.76875,0.7625,0.96875,0.796875,0.69375,0.7125,0.759375,1.034375,0.890625,0.74375,1.021875,1.40625,0.725,0.796875,0.75,0.8,0.746875,5.365625,1.18125,0.803125,10.0625,0.68125,1.328125,5.528125,9.415625,1.534375,0.809375,7.0,0.703125,3.1625,0.775,7.690625,7.5375,0.734375,11.71875,19.375,6.540625,4.6125,6.91875,0.759375,0.76875,3.659375,2.15,0.746875,0.75625,4.45,0.971875,0.809375,1.8,4.125,9.06875,1.4625,2.74375,3.246875,1.015625,6.90625,5.396875,7.16875,4.909375,4.490625
0.73125,0.728125,0.765625,0.7625,0.725,0.76875,0.76875,0.775,0.821875,0.775,0.746875,0.778125,0.784375,0.7,0.821875,0.771875,0.79375,0.725,0.79375,0.715625,1.146875,0.775,0.859375,0.840625,0.734375,0.978125,1.209375,0.7375,0.790625,0.796875,0.78125,0.771875,4.51875,1.190625,0.775,6.915625,1.61875,1.296875,7.146875,12.834375,0.81875,0.8625,7.66875,0.71875,6.990625,0.7625,8.853125,9.76875,0.765625,8.4125,21.109375,7.534375,4.79375,6.24375,0.76875,0.753125,11.890625,2.1375,0.771875,0.778125,4.153125,1.021875,0.765625,1.165625,3.6375,6.95625,1.384375,1.86875,2.3125,2.70625,6.25625,5.3,4.778125,3.71875,5.55625
0.68125,0.765625,0.715625,0.753125,0.728125,0.775,0.75,0.740625,0.8,0.778125,0.746875,0.8125,0.821875,0.7375,0.8,0.790625,0.83125,0.759375,0.765625,0.73125,0.909375,0.83125,0.796875,0.821875,0.740625,1.021875,1.371875,0.740625,0.784375,0.778125,0.7375,0.821875,5.440625,1.265625,0.79375,6.671875,0.70625,1.546875,9.75,10.621875,1.28125,0.7875,9.128125,0.6875,5.56875,0.725,7.459375,12.284375,0.778125,8.4125,19.06875,7.840625,3.884375,5.19375,0.76875,0.771875,5.00625,2.0625,0.775,0.740625,7.209375,0.990625,0.76875,1.803125,3.26875,7.665625,0.778125,2.875,2.24375,1.046875,6.034375,6.134375,6.15625,4.4125,10.70625
0.665625,0.7625,0.728125,0.7625,0.71875,0.765625,0.76875,0.734375,0.753125,0.746875,0.8125,0.76875,0.803125,0.746875,0.821875,0.75,0.765625,0.7125,0.790625,0.75625,1.421875,0.784375,0.80625,0.703125,0.690625,1.0375,1.696875,0.746875,0.803125,0.784375,0.759375,0.8,4.975,1.24375,0.759375,9.315625,0.721875,1.45,6.7875,17.771875,1.765625,0.759375,7.453125,0.703125,4.9625,0.7875,8.09375,18.834375,0.740625,8.1375,19.3,6.815625,6.984375,7.871875,0.909375,0.7625,9.428125,2.196875,0.76875,0.721875,5.296875,1.0375,0.80625,3.39375,3.278125,6.18125,1.003125,2.2125,2.371875,1.440625,6.8375,7.25625,10.346875,4.528125,6.778125
0.73125,0.75,0.725,0.696875,0.75,0.7625,0.753125,0.7875,0.75,0.765625,0.740625,0.753125,0.765625,0.69375,0.821875,0.7875,0.8,0.696875,0.784375,0.728125,0.6875,0.7375,0.94375,0.7375,0.73125,1.021875,1.51875,0.73125,0.8125,0.74375,0.746875,0.753125,5.4375,1.271875,0.76875,7.09375,0.7625,1.446875,7.896875,11.6375,2.11875,0.78125,8.328125,0.6875,7.546875,0.8,9.44375,15.009375,0.728125,7.775,21.4125,6.884375,4.996875,8.259375,0.75625,0.825,5.53125,2.078125,0.76875,0.759375,7.065625,1.115625,0.771875,2.359375,3.359375,7.765625,1.325,5.125,2.659375,1.809375,7.571875,5.79375,3.965625,4.7875,7.1125
0.715625,0.7125,0.7125,0.778125,0.728125,0.775,0.778125,0.75,0.771875,0.746875,0.7375,0.796875,0.7875,0.771875,0.76875,0.746875,0.821875,0.715625,0.765625,0.778125,0.7,0.89375,0.75625,0.7625,0.76875,1.140625,1.396875,0.728125,0.784375,0.75,0.771875,0.784375,5.45625,1.409375,0.784375,7.31875,0.73125,1.540625,7.85,11.61875,2.053125,0.840625,12.334375,0.73125,5.303125,0.80625,10.3875,13.971875,0.809375,8.703125,21.0,8.121875,4.903125,7.309375,0.778125,0.79375,9.134375,2.175,0.803125,0.771875,5.6625,1.03125,0.809375,4.328125,3.396875,9.553125,0.9375,4.315625,3.475,2.69375,6.4875,4.828125,7.09375,4.1,7.809375
0.678125,0.746875,0.7375,0.721875,0.715625,0.775,0.803125,0.7375,0.75625,0.79375,0.7375,0.765625,0.75625,0.70625,0.834375,0.76875,0.790625,0.74375,0.771875,0.765625,1.253125,0.778125,0.771875,0.75,0.715625,1.246875,1.475,0.74375,0.9,0.75625,0.80625,0.81875,5.071875,1.35,0.803125,6.00625,0.71875,1.371875,14.0875,12.353125,1.05,0.821875,8.20625,0.715625,5.034375,0.76875,10.5,18.13125,0.80625,7.85625,21.259375,10.48125,5.596875,8.671875,0.7375,0.7625,8.528125,2.11875,0.803125,0.765625,7.61875,0.9875,0.803125,4.96875,3.834375,19.2,0.78125,2.5375,5.64375,3.24375,8.409375,5.953125,9.21875,4.225,8.75
0.703125,0.74375,0.725,0.734375,0.734375,0.821875,0.753125,0.76875,0.76875,0.74375,0.80625,0.784375,0.74375,0.74375,0.76875,0.75625,0.8125,0.734375,0.7375,0.790625,0.721875,0.78125,0.75,0.703125,0.775,1.378125,1.303125,0.728125,0.78125,0.759375,0.79375,0.75,5.559375,1.325,0.80625,8.634375,0.725,1.703125,8.475,17.3875,1.73125,1.065625,9.615625,0.715625,8.85625,0.803125,12.1125,17.3875,0.7875,10.81875,21.0625,10.31875,6.55,6.828125,0.73125,0.765625,16.109375,2.309375,0.74375,0.74375,6.659375,1.075,0.809375,6.134375,3.6125,13.240625,0.8125,7.846875,4.34375,2.2,7.221875,6.9375,6.190625,9.75,8.6375
0.7,0.734375,0.753125,0.734375,0.721875,0.765625,0.859375,0.75625,0.765625,0.765625,0.740625,0.759375,0.775,0.746875,0.853125,0.79375,0.7375,0.734375,0.8125,0.778125,0.975,0.7875,0.775,0.671875,0.715625,1.240625,2.028125,0.734375,0.85,0.771875,0.796875,0.775,5.85625,1.440625,0.828125,6.740625,0.7875,1.3625,17.28125,12.4625,3.578125,0.796875,10.05,0.73125,4.74375,0.765625,9.134375,11.5125,0.746875,9.15625,21.78125,11.54375,5.625,7.471875,0.728125,0.75625,4.7,2.1,0.771875,0.775,9.55,0.984375,0.778125,4.81875,3.86875,11.40625,0.75,6.71875,4.434375,1.221875,6.9875,7.815625,7.76875,6.05,8.99375
0.7,0.753125,0.75625,0.753125,0.721875,0.778125,0.775,0.76875,0.80625,0.7625,0.771875,0.771875,0.775,0.721875,0.753125,0.778125,0.784375,0.734375,0.825,0.74375,1.540625,0.7625,0.765625,0.74375,0.728125,1.384375,1.890625,0.771875,0.83125,0.76875,0.75625,0.765625,6.528125,1.9,0.78125,7.5,0.690625,1.41875,12.534375,15.753125,3.434375,2.359375,11.24375,0.709375,4.3625,0.740625,8.66875,13.090625,0.759375,8.45625,19.2625,14.31875,5.621875,8.415625,0.759375,0.79375,19.98125,2.378125,0.753125,0.76875,8.003125,1.071875,0.8,5.184375,3.971875,13.240625,0.8,5.215625,5.171875,1.740625,7.909375,11.85,6.696875,6.81875,10.340625
0.778125,0.853125,0.74375,0.809375,0.75625,0.775,0.746875,0.728125,0.79375,0.78125,0.75625,0.825,0.809375,0.740625,0.734375,0.771875,0.8375,0.6625,0.784375,0.79375,0.85,0.75625,0.81875,0.69375,0.70625,1.34375,2.821875,0.721875,0.778125,0.765625,0.790625,0.78125,6.440625,1.9875,0.83125,7.41875,0.728125,1.590625,11.7875,16.709375,5.484375,0.81875,9.96875,0.725,5.7125,0.784375,10.25,16.35,0.88125,10.68125,20.634375,11.096875,8.709375,8.83125,0.771875,0.75625,5.91875,2.284375,0.84375,0.76875,7.459375,1.153125,0.796875,13.01875,3.596875,11.790625,0.859375,7.540625,5.103125,8.171875,8.1,12.525,7.7375,8.496875,9.9625
0.715625,0.70625,0.765625,0.775,0.7375,0.8,0.8,0.821875,0.7625,0.7625,0.775,0.80625,0.75625,0.709375,0.75625,0.771875,0.746875,0.740625,0.815625,0.753125,0.721875,0.778125,0.79375,0.71875,0.715625,1.38125,1.9375,0.73125,0.76875,0.76875,0.790625,0.76875,7.20625,1.9625,0.759375,6.271875,0.728125,1.70625,12.7625,17.084375,6.803125,0.853125,16.3875,0.715625,6.175,0.74375,11.321875,15.85,0.96875,7.5625,21.728125,12.35,10.540625,10.825,0.753125,0.784375,6.921875,2.1375,0.778125,0.74375,9.63125,1.046875,0.88125,9.41875,3.625,15.24375,1.16875,9.93125,5.646875,5.346875,9.75625,11.6375,11.703125,7.003125,9.440625
0.721875,0.753125,0.7375,0.740625,0.725,0.759375,0.76875,0.746875,0.75,0.78125,0.728125,0.775,0.75,0.728125,0.83125,0.75625,0.815625,0.646875,0.76875,0.765625,1.05,0.796875,0.740625,0.68125,0.7875,1.490625,1.453125,0.7375,0.803125,0.8125,0.74375,0.771875,6.55625,2.209375,0.809375,9.75625,0.740625,2.115625,10.240625,19.325,6.665625,0.878125,14.375,0.7125,6.640625,0.78125,11.809375,17.41875,0.7625,10.53125,21.015625,12.496875,7.678125,8.49375,0.753125,0.76875,5.715625,2.346875,0.7375,0.775,11.525,1.05625,0.809375,7.95625,4.66875,12.146875,0.94375,6.2,5.446875,2.91875,7.60625,14.984375,9.765625,9.475,10.5
0.7125,0.709375,0.75,0.7875,0.76875,0.753125,0.796875,0.778125,0.765625,0.759375,0.746875,0.76875,0.746875,0.728125,0.775,0.75625,0.7625,0.728125,0.771875,0.8,0.703125,0.8,0.790625,0.703125,0.728125,1.478125,2.646875,0.78125,0.790625,0.7625,0.746875,0.778125,6.58125,2.321875,0.8,9.215625,0.9875,1.85,12.021875,13.803125,8.5875,0.80625,11.784375,0.7625,5.8375,0.74375,12.425,19.19375,0.859375,12.028125,20.39375,54.7625,10.76875,11.209375,0.778125,0.765625,12.25,2.5375,0.76875,0.7375,12.275,1.1125,0.75625,9.45,4.040625,20.05,0.79375,9.025,10.31875,4.309375,10.39375,11.04375,9.40625,9.909375,15.440625
0.734375,0.71875,0.7875,0.79375,0.784375,0.78125,0.784375,0.784375,0.85,0.75625,0.74375,0.759375,0.821875,0.721875,0.771875,0.8125,0.803125,0.71875,0.85,0.7875,0.709375,0.75625,0.7875,0.684375,0.753125,1.55,1.878125,0.73125,0.78125,0.796875,0.740625,0.7125,7.615625,2.575,0.775,11.178125,0.81875,2.15,11.3625,19.753125,5.25,0.853125,10.946875,0.734375,6.109375,0.778125,14.540625,21.940625,0.803125,9.740625,20.603125,19.265625,9.884375,9.253125,0.7625,0.778125,12.171875,2.31875,0.796875,0.765625,13.175,1.10625,0.8375,10.865625,3.965625,34.0125,0.778125,8.26875,10.30625,4.0875,9.25625,18.040625,14.553125,13.15625,13.63125
0.696875,0.71875,0.759375,0.740625,0.76875,0.815625,0.76875,0.753125,0.771875,0.80625,0.828125,0.790625,0.79375,0.728125,0.809375,0.7875,0.753125,0.78125,0.784375,0.771875,0.715625,0.784375,0.753125,0.70625,0.7125,1.80625,3.153125,0.721875,0.8,0.83125,0.75625,0.771875,9.346875,2.409375,0.775,9.928125,0.778125,2.159375,16.296875,14.796875,7.121875,0.78125,14.24375,0.696875,8.6875,0.784375,11.075,16.665625,0.88125,10.09375,21.253125,22.775,8.575,8.590625,0.778125,0.76875,15.90625,2.35625,0.86875,0.7875,14.265625,1.146875,0.7875,12.878125,4.378125,13.871875,0.753125,9.1,9.090625,3.90625,11.090625,11.8,12.23125,15.4375,12.365625
0.725,0.721875,0.753125,0.821875,0.753125,0.796875,0.771875,0.803125,0.759375,0.809375,0.759375,0.765625,0.8,0.73125,0.75625,0.771875,0.75625,0.703125,0.76875,0.796875,0.7125,0.75,0.7625,0.7125,0.746875,1.534375,1.84375,0.74375,0.79375,0.771875,0.790625,0.7875,7.2125,2.3875,0.775,8.446875,0.78125,2.184375,12.2875,17.35,5.053125,0.81875,12.615625,0.75625,9.090625,0.928125,14.278125,21.7125,5.01875,13.065625,21.896875,18.01875,10.69375,10.628125,0.746875,0.78125,10.346875,2.690625,0.76875,0.759375,12.76875,1.13125,0.8375,13.05625,4.625,13.215625,0.8125,7.8,11.6375,3.640625,11.19375,16.89375,19.98125,11.646875,14.421875
0.728125,0.75625,0.75625,0.80625,0.740625,0.746875,0.771875,0.75625,0.76875,0.790625,0.725,0.784375,0.771875,0.7625,0.8,0.846875,0.753125,0.675,0.790625,0.78125,0.74375,0.78125,0.809375,0.74375,0.765625,1.60625,2.70625,0.71875,0.81875,0.765625,0.79375,0.803125,6.765625,2.71875,0.796875,7.88125,0.759375,2.209375,14.621875,18.221875,6.671875,0.8,17.596875,0.75625,11.4,0.778125,10.134375,18.178125,0.740625,9.590625,21.0125,18.971875,11.221875,9.315625,0.78125,0.7625,8.625,2.190625,0.825,0.765625,16.959375,1.103125,0.790625,14.225,4.39375,21.378125,0.871875,9.74375,12.03125,3.959375,9.565625,9.8375,13.384375,10.915625,13.703125
0.728125,0.784375,0.740625,0.78125,0.771875,0.76875,0.8125,0.775,0.753125,0.796875,0.75625,0.775,0.721875,0.725,0.80625,0.759375,0.765625,0.70625,0.8375,0.790625,0.728125,0.79375,0.796875,0.684375,0.75,1.534375,3.3625,0.759375,0.778125,0.778125,0.79375,0.75,7.271875,2.55625,0.746875,10.796875,0.834375,2.35625,11.203125,13.565625,7.0625,1.046875,18.5125,0.684375,11.721875,0.80625,11.7625,19.803125,0.85625,12.390625,21.409375,15.890625,11.796875,10.7375,0.78125,0.765625,14.690625,2.63125,0.8,0.825,14.2875,1.13125,0.821875,11.409375,5.265625,22.171875,0.815625,6.91875,14.146875,4.38125,13.6,18.225,15.3625,8.896875,12.203125
0.74375,0.725,0.740625,0.7875,0.709375,0.8,0.76875,0.8375,0.775,0.76875,0.790625,0.821875,0.796875,0.70625,0.771875,0.790625,0.809375,0.721875,0.803125,0.74375,0.753125,0.8375,0.775,0.725,0.715625,1.584375,3.290625,0.734375,0.79375,0.8125,0.7875,0.8,6.8375,2.509375,0.790625,9.05,1.54375,2.45625,14.578125,18.809375,12.9875,0.815625,17.31875,0.71875,10.490625,0.78125,18.0,20.3625,0.734375,12.165625,21.4125,20.575,12.778125,9.93125,2.778125,0.775,11.425,2.571875,0.78125,0.784375,20.10625,1.109375,1.959375,15.09375,5.253125,17.79375,0.80625,7.840625,12.128125,6.015625,9.378125,14.0625,16.48125,16.459375,20.34375
0.70625,0.7625,0.75,0.75625,0.740625,0.75,0.7625,0.778125,0.75625,0.8,0.74375,0.76875,0.7625,0.75625,0.7875,0.8,0.746875,0.721875,0.771875,0.765625,0.759375,0.80625,0.80625,0.75625,0.7875,1.646875,3.821875,0.778125,0.803125,0.765625,0.76875,0.809375,6.66875,2.625,0.78125,7.875,1.378125,2.265625,17.73125,17.803125,9.48125,0.796875,17.671875,0.740625,19.76875,0.79375,16.775,19.121875,1.275,11.2375,23.271875,18.9875,12.125,10.64375,2.0,0.8,8.503125,2.371875,0.7625,0.771875,15.08125,1.575,0.7875,15.7375,5.303125,22.25,1.76875,7.10625,11.54375,6.521875,14.9875,18.096875,14.2875,14.43125,18.946875
0.734375,0.7125,0.790625,0.74375,0.725,0.7375,0.76875,0.759375,0.759375,0.790625,0.734375,0.78125,0.771875,0.715625,0.75,0.75,0.746875,0.715625,0.815625,0.746875,0.7625,0.775,0.784375,0.73125,0.71875,1.6375,3.265625,0.759375,0.784375,0.78125,0.790625,0.746875,8.45625,2.6375,0.8125,9.159375,1.25625,2.434375,17.503125,19.58125,8.90625,0.81875,15.31875,0.7375,10.203125,0.7625,18.390625,21.609375,1.69375,15.003125,22.73125,21.078125,17.38125,11.303125,1.29375,0.796875,19.203125,2.39375,0.815625,0.775,21.6375,1.15,0.85,18.94375,5.921875,19.359375,0.8,11.109375,20.753125,6.978125,18.678125,16.51875,15.80625,12.984375,18.309375
0.778125,0.70625,0.728125,0.715625,0.765625,0.778125,0.790625,0.790625,0.80625,0.784375,0.728125,0.79375,0.740625,0.715625,0.78125,0.784375,0.771875,0.70625,0.79375,0.746875,0.696875,0.834375,0.775,0.690625,0.73125,1.7125,2.228125,0.75625,3.54375,0.80625,0.784375,0.759375,7.640625,3.215625,0.7625,12.796875,0.98125,2.675,15.3625,20.44375,7.596875,0.796875,13.3875,0.703125,18.878125,0.85625,12.615625,19.446875,4.671875,9.85625,21.240625,19.2,14.95,10.3125,2.475,0.784375,9.584375,2.428125,0.771875,0.771875,13.715625,1.13125,0.796875,12.625,5.703125,21.71875,1.19375,7.684375,11.621875,6.9375,13.09375,14.9875,20.84375,11.0875,14.925
0.721875,0.746875,0.75,0.771875,0.7875,0.79375,0.809375,0.75,0.828125,0.8125,0.753125,0.784375,0.7875,0.775,0.778125,0.8125,0.809375,0.8125,0.79375,0.815625,0.746875,0.8,0.8375,0.71875,0.709375,1.95,2.0625,0.75,1.86875,0.790625,0.7875,0.78125,7.39375,3.934375,0.8,9.35,0.815625,2.621875,16.246875,11.646875,8.734375,1.09375,15.30625,0.7375,14.940625,0.9375,17.7625,21.91875,0.91875,13.2375,27.565625,18.125,14.309375,13.871875,0.815625,0.815625,15.315625,2.428125,0.7625,0.771875,16.7,1.11875,0.8,18.553125,5.66875,19.48125,0.840625,12.296875,13.421875,6.58125,19.396875,18.065625,17.25,14.425,17.025
0.74375,0.775,0.75625,0.75,0.725,0.746875,0.80625,0.778125,0.796875,0.765625,0.75625,0.821875,0.803125,0.728125,0.74375,0.79375,0.775,0.803125,0.8,0.759375,0.753125,0.775,0.778125,0.771875,0.75,1.825,1.875,0.721875,0.79375,0.7875,0.8,0.859375,7.153125,2.815625,0.76875,11.8,1.421875,4.103125,19.9,12.746875,7.0625,0.859375,15.215625,0.734375,18.775,0.79375,20.090625,18.890625,3.096875,13.090625,21.553125,19.43125,13.959375,11.05625,0.76875,0.7625,13.56875,2.434375,0.7875,0.80625,20.25,1.165625,1.03125,19.496875,5.934375,21.9875,0.9125,8.409375,35.209375,8.578125,22.215625,12.809375,17.5125,12.534375,15.078125
0.7125,0.759375,0.7375,0.725,0.73125,0.73125,0.759375,0.778125,0.78125,0.765625,0.771875,0.821875,0.775,0.771875,0.796875,0.809375,0.74375,0.728125,0.8,0.81875,0.709375,0.79375,0.771875,0.69375,0.7375,1.68125,2.290625,0.76875,0.775,0.784375,0.7375,1.13125,6.81875,4.540625,0.784375,13.803125,1.8125,2.746875,15.65,15.284375,10.271875,1.740625,18.8375,0.740625,11.790625,0.796875,20.846875,20.8375,2.26875,13.275,22.19375,18.234375,19.078125,13.74375,1.03125,0.76875,15.015625,2.265625,0.778125,0.78125,15.953125,1.23125,1.0,16.740625,5.50625,19.278125,0.84375,7.9625,15.946875,8.44375,20.325,15.15,18.690625,18.13125,17.60625
0.728125,0.790625,0.796875,0.7375,0.75625,0.746875,0.7625,0.796875,0.76875,0.771875,0.775,0.790625,0.80625,0.7875,0.76875,0.84375,0.78125,0.728125,0.78125,0.79375,0.721875,0.871875,0.775,0.70625,0.715625,1.8875,3.875,0.740625,0.78125,0.828125,0.8375,0.784375,8.05,3.90625,0.7625,12.671875,3.959375,3.015625,19.253125,14.6,9.0375,0.809375,15.26875,0.7,18.265625,0.83125,18.875,20.2625,5.525,12.296875,22.51875,18.15625,18.98125,10.584375,0.75,0.765625,8.775,2.46875,0.778125,0.7875,19.9125,4.753125,0.759375,13.171875,5.565625,48.68125,0.871875,8.8125,20.071875,8.753125,20.528125,10.946875,35.334375,20.334375,19.684375
0.753125,0.740625,0.75625,0.753125,0.74375,0.725,0.784375,0.80625,0.8,0.80625,0.784375,0.790625,0.790625,0.75,0.790625,0.803125,0.775,0.753125,0.771875,0.775,0.7125,0.76875,0.79375,0.715625,0.76875,1.99375,2.75625,0.753125,0.790625,0.775,0.828125,0.803125,8.36875,2.875,0.809375,8.65625,1.015625,4.2125,15.303125,12.3375,9.31875,0.84375,16.559375,0.75,14.70625,0.853125,18.759375,21.775,8.284375,10.984375,22.246875,18.3625,17.6125,10.35625,0.784375,0.765625,7.375,2.396875,0.8,0.840625,19.73125,3.29375,0.784375,16.275,4.746875,42.309375,0.834375,8.40625,16.228125,10.5875,18.834375,19.70625,17.740625,21.83125,18.2625
0.75,0.75625,0.79375,0.73125,0.728125,0.8,0.78125,0.746875,0.815625,0.775,0.728125,0.828125,0.83125,0.784375,0.834375,0.778125,0.80625,0.721875,0.803125,0.7375,0.75,0.76875,0.85625,0.70625,0.746875,2.159375,4.79375,0.746875,0.790625,0.75625,0.80625,0.778125,8.515625,2.840625,0.846875,8.490625,1.6625,7.215625,19.0625,19.246875,11.53125,0.95,19.521875,0.71875,18.0375,1.04375,20.403125,19.428125,4.821875,13.7375,22.70625,22.3625,18.6875,10.15625,1.375,0.771875,10.3,5.05,0.753125,1.20625,34.665625,10.140625,0.85625,22.121875,5.503125,20.315625,2.403125,10.815625,14.140625,12.653125,29.35,20.615625,20.503125,19.984375,17.55
0.69375,0.778125,0.809375,0.846875,0.75625,0.8,0.771875,0.778125,0.753125,0.784375,0.796875,0.784375,0.825,0.74375,0.775,0.771875,0.7875,0.671875,0.790625,0.790625,0.715625,0.7875,0.80625,0.715625,0.74375,1.98125,3.775,0.721875,0.828125,0.815625,0.796875,0.83125,7.58125,3.103125,0.840625,7.096875,2.828125,8.359375,15.753125,17.05,11.121875,7.19375,16.575,0.70625,20.9,0.85625,20.675,19.45,5.390625,14.26875,21.740625,19.58125,17.64375,13.090625,0.9,0.75,17.878125,3.915625,0.81875,0.98125,20.89375,14.08125,0.903125,17.759375,5.690625,20.8625,2.45,7.696875,18.09375,15.75,18.065625,19.565625,16.715625,37.73125,18.8875
0.740625,0.7125,0.746875,0.746875,0.8875,0.7625,0.7625,0.815625,0.753125,0.775,0.815625,0.771875,0.825,1.3625,0.75,0.76875,0.79375,0.703125,0.778125,0.825,0.79375,0.80625,0.78125,0.75,0.7625,2.0875,4.45,0.76875,0.796875,0.796875,0.878125,0.7875,7.83125,3.046875,0.790625,14.01875,2.325,9.940625,20.13125,18.6625,12.184375,5.265625,18.428125,0.73125,20.225,0.815625,12.6625,23.328125,6.15625,12.703125,22.91875,22.60625,20.1375,10.778125,0.778125,0.8625,20.353125,3.403125,0.778125,1.784375,20.3375,13.009375,1.803125,15.88125,5.715625,20.71875,3.934375,11.175,18.353125,15.453125,25.734375,12.496875,20.809375,20.196875,19.16875
0.715625,0.771875,0.803125,0.725,0.765625,0.75625,0.771875,0.790625,0.771875,0.778125,0.753125,0.765625,0.825,0.771875,0.803125,0.78125,0.78125,0.734375,0.7875,0.815625,0.7125,0.784375,0.79375,0.7625,0.703125,2.225,4.796875,0.771875,0.803125,0.78125,0.825,0.796875,7.825,2.8875,0.76875,17.184375,3.140625,8.734375,16.7,19.1625,16.73125,0.83125,19.440625,0.73125,19.79375,0.890625,22.1375,19.69375,6.23125,20.7,22.771875,21.0125,18.003125,12.3875,0.896875,0.803125,22.321875,3.14375,0.771875,2.015625,19.15625,12.5,0.746875,19.9,5.24375,21.684375,3.425,11.06875,17.1,12.06875,23.75,12.871875,16.978125,38.175,18.18125
0.69375,0.7625,0.778125,0.759375,0.7625,0.821875,0.7875,0.771875,0.83125,0.740625,0.746875,0.8375,0.759375,0.753125,0.775,0.7875,0.784375,0.721875,0.79375,0.76875,0.696875,0.775,0.778125,0.7625,0.734375,2.08125,3.01875,0.815625,0.821875,0.8,0.825,0.7625,8.640625,3.053125,0.79375,12.38125,3.396875,10.18125,16.75625,19.615625,13.09375,0.8125,21.10625,0.75625,20.45625,0.903125,21.30625,21.10625,6.265625,13.253125,22.49375,24.721875,18.871875,12.884375,0.728125,0.83125,20.571875,5.08125,0.853125,3.584375,24.578125,13.175,0.85,37.5,4.90625,31.01875,3.359375,14.55625,18.471875,13.425,29.015625,23.996875,21.328125,17.728125,19.303125
0.709375,0.734375,0.79375,0.721875,0.790625,0.80625,0.759375,0.775,0.765625,0.775,0.79375,0.771875,0.81875,0.778125,0.76875,0.821875,0.828125,0.79375,0.76875,0.775,0.7,0.83125,0.840625,0.721875,0.778125,2.009375,2.415625,0.746875,0.859375,0.75625,0.86875,0.80625,7.778125,3.909375,0.815625,12.615625,5.075,10.203125,15.19375,18.5875,11.225,2.003125,19.325,0.70625,19.296875,1.553125,20.8875,21.259375,8.35625,13.521875,21.190625,21.696875,17.5875,16.2625,0.821875,0.7625,19.54375,4.640625,0.8125,3.525,20.846875,12.73125,1.2875,19.79375,6.38125,39.265625,4.196875,10.93125,20.2375,15.528125,25.45625,41.225,20.56875,18.65625,18.04375
0.7375,0.75625,0.76875,0.75625,0.79375,0.746875,0.784375,0.753125,0.7875,0.784375,0.80625,0.809375,0.8,0.75,0.73125,0.821875,0.7875,0.734375,0.80625,0.790625,0.75,0.7625,0.8125,0.71875,0.75,2.26875,3.371875,0.75,0.7875,0.78125,0.865625,0.790625,8.71875,3.490625,0.784375,10.596875,3.66875,13.3875,19.00625,18.178125,14.575,3.709375,19.04375,0.765625,20.4625,4.284375,19.165625,17.8625,8.859375,13.66875,22.615625,19.478125,13.121875,17.259375,0.85,0.8,20.315625,4.73125,0.75625,4.946875,20.3875,21.30625,6.21875,19.9375,5.975,31.209375,3.7125,42.159375,32.015625,17.14375,25.15,19.109375,29.68125,20.703125,18.9375
0.740625,0.79375,0.75,0.778125,0.78125,0.759375,0.8125,0.740625,0.771875,0.775,0.721875,0.784375,0.7625,0.75,0.778125,0.803125,0.821875,0.725,0.7875,0.7875,0.728125,0.76875,0.778125,0.725,0.765625,2.209375,2.465625,0.746875,0.8,0.8125,0.8875,0.76875,8.121875,3.48125,0.76875,13.609375,3.45,12.18125,20.059375,18.646875,14.896875,0.8875,19.284375,0.71875,18.796875,4.265625,17.909375,18.15625,9.828125,14.490625,22.30625,19.70625,18.38125,15.334375,0.790625,0.790625,19.309375,3.78125,0.796875,4.009375,21.91875,17.365625,0.990625,21.425,6.55625,23.8,5.15625,9.26875,19.859375,12.90625,30.809375,16.25,20.034375,17.84375,18.80625
0.721875,0.75,0.771875,0.78125,0.73125,0.76875,0.796875,0.79375,0.7875,0.775,0.778125,0.7875,0.80625,0.80625,0.78125,0.79375,0.765625,0.7125,0.840625,0.76875,0.715625,0.775,0.865625,0.721875,0.775,2.19375,1.728125,0.728125,0.91875,0.853125,0.821875,0.809375,11.003125,3.6375,0.7875,26.0125,4.121875,8.70625,18.790625,18.8625,15.46875,0.809375,19.603125,0.765625,20.071875,5.296875,17.94375,20.571875,8.30625,15.359375,22.209375,19.20625,21.165625,16.93125,0.7375,0.834375,20.390625,5.44375,0.7875,4.9625,25.284375,17.825,0.99375,41.515625,7.009375,20.325,4.746875,16.2125,18.65625,17.240625,29.69375,21.5125,20.640625,22.096875,19.7
0.76875,0.69375,0.778125,0.74375,0.734375,0.7625,0.7625,0.76875,0.76875,0.76875,0.740625,0.790625,0.790625,0.784375,0.784375,0.790625,0.775,0.746875,0.846875,0.778125,0.725,0.771875,0.79375,0.7,0.715625,2.275,2.390625,0.728125,0.8,0.76875,0.853125,0.753125,7.484375,4.93125,0.834375,18.09375,4.175,12.425,17.50625,18.975,14.975,0.86875,19.290625,0.75625,19.8,5.13125,21.83125,20.13125,16.88125,13.28125,22.39375,19.78125,12.478125,16.215625,0.73125,0.784375,37.8375,5.53125,0.75625,5.684375,20.384375,23.859375,0.975,21.484375,6.578125,17.7875,5.553125,15.921875,18.86875,11.884375,23.18125,19.725,18.690625,24.740625,18.59375
0.709375,0.7375,0.796875,0.7625,0.7875,0.753125,0.775,0.7875,0.79375,0.775,0.753125,0.784375,0.778125,0.71875,0.80625,0.778125,0.81875,0.78125,0.8,0.759375,0.734375,0.740625,0.81875,0.725,0.76875,2.271875,0.828125,0.765625,0.815625,0.796875,0.821875,0.746875,9.2875,5.4875,0.796875,14.35625,5.171875,10.75,18.59375,18.234375,12.696875,0.853125,20.103125,0.7625,20.1625,4.0125,20.384375,20.46875,12.43125,14.334375,23.8125,20.346875,16.65625,18.58125,0.775,0.8375,19.440625,5.5375,0.765625,7.10625,19.965625,23.590625,2.621875,21.525,8.18125,21.2375,6.853125,11.053125,21.284375,24.640625,25.9875,20.9625,51.428125,19.2375,16.828125
0.753125,0.753125,0.746875,0.73125,0.728125,0.7625,0.846875,0.79375,0.8125,0.753125,0.759375,0.7875,0.775,0.765625,0.834375,0.796875,0.778125,0.71875,0.759375,0.78125,0.759375,0.7875,0.76875,0.715625,0.78125,2.65,1.19375,0.815625,0.790625,0.7625,0.86875,0.76875,10.05,7.1,0.853125,13.75625,6.215625,12.06875,18.846875,14.64375,12.2,1.046875,19.775,0.725,21.3125,6.571875,20.6,21.075,11.01875,11.425,23.221875,20.0875,19.64375,14.115625,1.078125,0.78125,12.9125,2.35,0.790625,12.44375,19.4625,15.040625,3.925,21.784375,7.925,19.4625,9.0,13.065625,20.5625,12.8875,33.08125,20.396875,19.44375,19.253125,20.78125
0.728125,0.746875,0.7625,0.7375,0.734375,0.8,0.775,0.803125,0.771875,0.78125,0.7375,0.809375,0.784375,0.778125,0.784375,0.825,0.771875,0.709375,0.7625,0.803125,0.73125,0.771875,0.76875,0.909375,0.740625,2.3625,1.728125,0.78125,0.784375,0.83125,0.809375,0.775,10.71875,5.625,0.821875,16.134375,5.065625,13.078125,19.240625,20.090625,12.796875,3.265625,19.746875,0.734375,18.446875,7.3,17.95625,21.278125,17.096875,13.034375,22.3875,19.671875,22.45625,19.853125,1.20625,0.778125,18.384375,2.475,0.775,10.953125,22.590625,24.065625,3.234375,21.621875,7.55,26.91875,7.66875,21.796875,20.665625,16.546875,22.075,20.053125,29.13125,23.340625,18.38125
0.734375,0.734375,0.81875,0.7375,0.784375,0.78125,0.7625,0.809375,0.796875,0.784375,0.784375,0.803125,0.775,0.765625,0.815625,0.815625,0.796875,0.746875,0.8,0.7875,0.7125,0.790625,0.7625,0.84375,0.734375,2.721875,2.48125,0.734375,0.828125,0.76875,0.84375,0.784375,9.525,5.825,0.840625,11.20625,4.20625,14.546875,14.6625,15.58125,16.059375,5.521875,20.8,0.74375,21.15,10.2125,18.828125,20.93125,14.9625,20.16875,22.49375,22.309375,21.51875,20.915625,0.921875,0.78125,11.70625,2.60625,0.746875,8.2375,20.215625,21.3125,5.265625,21.459375,6.678125,17.81875,8.41875,14.309375,21.6875,18.740625,18.3375,21.65,28.6875,21.071875,20.4125
0.71875,0.753125,0.75,0.759375,0.75,0.76875,0.784375,0.78125,0.796875,0.7875,0.75,0.784375,0.8,0.728125,0.8,0.821875,0.828125,0.771875,0.815625,0.75625,0.7375,0.796875,0.803125,0.7125,0.771875,2.675,3.390625,0.75,0.80625,0.8125,0.846875,0.78125,8.609375,7.2375,0.76875,17.346875,4.85,14.1,16.3125,18.275,20.071875,8.18125,20.128125,0.70625,22.21875,11.03125,19.059375,20.7875,18.178125,13.184375,22.41875,21.6375,18.278125,13.89375,1.265625,0.76875,12.43125,2.646875,0.7625,11.634375,23.9,21.83125,3.73125,22.415625,6.125,18.5875,10.046875,18.825,31.68125,16.434375,22.7375,21.421875,18.45,20.378125,21.075
0.721875,0.740625,0.759375,0.75625,0.771875,0.803125,0.803125,0.834375,0.79375,0.76875,0.74375,0.821875,0.765625,0.80625,0.81875,0.778125,0.765625,0.69375,0.796875,0.809375,0.721875,0.765625,0.75625,0.70625,2.284375,2.521875,1.946875,0.759375,0.81875,0.821875,0.859375,0.803125,8.85,7.434375,0.7875,11.471875,5.890625,14.296875,21.95625,18.08125,18.153125,6.828125,18.678125,0.790625,19.34375,17.0125,17.865625,19.184375,13.91875,16.253125,22.603125,22.890625,21.1125,15.428125,0.871875,0.775,18.90625,2.334375,0.7625,11.503125,20.95625,19.58125,8.58125,22.66875,6.35625,45.946875,9.153125,19.540625,22.053125,19.4125,27.434375,20.70625,22.534375,20.9875,19.703125
0.709375,0.803125,0.8125,0.725,0.7875,0.834375,0.759375,0.809375,0.796875,0.771875,0.790625,0.7625,0.76875,0.753125,0.809375,0.778125,0.7875,0.840625,0.840625,0.80625,0.74375,0.803125,1.046875,1.16875,0.728125,2.484375,1.790625,0.753125,0.809375,0.78125,0.8625,0.828125,9.675,6.815625,0.79375,11.046875,8.75,13.684375,16.896875,19.978125,10.3875,4.653125,21.228125,1.1625,19.165625,13.628125,18.6875,20.515625,12.015625,14.56875,22.2375,21.875,20.690625,19.5625,1.1625,0.740625,20.125,2.89375,0.790625,8.1625,21.875,21.10625,7.540625,37.890625,6.165625,21.084375,11.178125,36.15,21.328125,17.69375,25.75625,20.31875,20.3375,21.38125,19.875
0.740625,0.79375,0.796875,0.721875,0.74375,0.78125,0.76875,0.76875,0.784375,0.84375,0.753125,0.803125,0.771875,0.759375,0.784375,0.778125,0.75625,0.778125,0.75625,0.796875,0.728125,0.765625,0.9875,3.5875,1.7875,2.58125,2.3875,0.7625,0.828125,0.784375,0.89375,0.809375,10.084375,7.24375,0.790625,12.965625,7.5125,13.959375,13.909375,17.95,14.0125,4.775,21.15,0.86875,18.4625,16.38125,21.5625,21.703125,12.428125,15.103125,21.28125,20.834375,18.678125,23.31875,0.759375,0.778125,41.8625,13.83125,0.7875,9.340625,25.253125,23.525,12.225,23.634375,7.76875,20.95,12.121875,14.8375,22.028125,19.86875,28.85,18.271875,29.184375,15.99375,21.45
0.703125,0.709375,0.796875,0.76875,0.75625,0.75,0.765625,0.7625,0.76875,0.796875,0.69375,0.803125,0.83125,0.8,0.8,0.81875,0.8125,0.80625,0.76875,0.784375,0.715625,0.778125,1.0125,1.053125,0.834375,2.48125,3.43125,0.809375,0.803125,0.79375,0.803125,0.759375,10.88125,7.228125,0.784375,10.56875,8.296875,16.340625,18.521875,20.2125,15.415625,5.7625,21.178125,1.653125,23.034375,17.334375,22.778125,20.63125,17.3,13.196875,21.9625,22.30625,20.8125,18.64375,0.784375,0.75625,19.134375,5.13125,0.7875,9.09375,22.54375,21.428125,9.36875,21.253125,9.434375,19.446875,10.9875,16.834375,20.221875,20.25,24.215625,20.321875,25.7375,23.05,19.7375
0.728125,0.759375,0.75625,0.7625,0.734375,0.746875,0.7875,0.790625,0.784375,0.778125,0.753125,0.796875,0.75,0.778125,0.890625,0.834375,0.784375,0.81875,0.78125,0.8375,0.759375,0.821875,0.778125,0.75625,0.746875,2.5,2.49375,0.73125,0.790625,0.771875,0.8375,0.890625,10.471875,7.509375,0.790625,11.884375,7.525,16.896875,16.7125,19.09375,15.690625,9.284375,20.0875,4.74375,20.19375,20.021875,21.384375,18.646875,19.8625,18.775,22.7125,21.603125,21.54375,21.76875,3.03125,0.75,29.6375,4.925,0.859375,11.815625,24.625,23.971875,12.46875,21.953125,12.809375,19.246875,13.240625,13.715625,21.2375,18.453125,27.35,46.975,22.85,41.8875,21.5875
0.790625,0.715625,0.75625,0.74375,0.771875,0.740625,0.765625,0.796875,0.76875,0.8,0.775,0.7625,0.8,0.753125,0.840625,0.78125,0.803125,0.84375,0.775,0.79375,0.728125,0.76875,0.79375,1.153125,0.7375,2.434375,2.584375,0.76875,1.228125,0.8,0.878125,0.809375,10.340625,7.1125,0.79375,11.959375,6.665625,17.175,19.79375,17.6625,18.9,9.0125,19.096875,4.284375,22.146875,19.1625,21.721875,21.053125,16.496875,21.4,22.290625,21.640625,20.9625,24.853125,1.890625,0.7875,17.175,5.378125,0.7875,11.6,22.403125,22.5125,14.0375,22.234375,9.646875,23.275,15.215625,17.06875,22.875,17.984375,36.278125,19.53125,20.815625,19.778125,20.2
0.7375,0.740625,0.7625,0.7625,0.765625,0.753125,0.778125,0.771875,0.790625,0.75,0.7875,0.78125,0.81875,0.759375,0.790625,0.78125,0.784375,0.853125,0.80625,0.765625,0.75,0.784375,1.0,0.95,1.578125,2.471875,3.25,0.740625,1.23125,0.803125,0.903125,0.790625,9.51875,7.40625,0.76875,13.240625,6.875,18.159375,19.6,17.509375,19.171875,7.05,19.21875,3.075,20.375,21.60625,19.628125,20.121875,18.49375,18.8375,23.203125,21.25625,21.665625,19.86875,5.078125,0.83125,19.103125,5.64375,0.80625,21.909375,24.471875,20.446875,12.534375,21.4125,10.484375,22.03125,11.740625,20.375,21.4125,21.08125,27.428125,21.85,29.41875,19.984375,22.03125
0.709375,0.721875,0.778125,0.7375,0.75625,0.809375,0.765625,0.75,0.765625,0.775,0.75,0.78125,0.846875,0.746875,0.803125,0.79375,0.78125,0.953125,0.85625,0.803125,0.709375,0.771875,0.821875,1.009375,0.796875,2.55,4.51875,0.784375,1.275,0.859375,0.871875,0.81875,9.5375,7.75625,0.803125,18.603125,11.315625,18.571875,15.971875,20.09375,12.54375,10.759375,20.85,2.084375,22.79375,19.471875,22.575,20.7375,18.940625,17.40625,23.096875,21.41875,20.96875,19.384375,1.884375,0.8875,18.640625,4.48125,0.809375,17.290625,42.646875,21.709375,11.51875,43.140625,18.065625,20.603125,12.51875,22.609375,21.85625,20.446875,31.153125,18.890625,21.7375,21.715625,27.2375
0.725,0.7375,0.79375,0.79375,0.75625,0.796875,0.778125,0.759375,0.7875,0.803125,0.7625,0.846875,0.778125,0.8125,0.809375,0.784375,0.8,0.8875,0.790625,0.78125,0.740625,0.7875,0.81875,0.734375,0.753125,2.41875,4.178125,0.74375,1.271875,1.140625,0.878125,0.8,11.490625,7.890625,0.80625,11.225,12.4375,13.66875,15.88125,19.575,12.734375,7.23125,20.125,3.634375,21.503125,22.546875,18.94375,20.18125,14.909375,15.40625,22.90625,21.5,21.85,19.921875,6.48125,0.85,15.53125,4.075,0.7875,18.725,23.24375,27.765625,10.940625,21.596875,18.203125,20.69375,12.703125,11.7375,22.340625,44.125,42.4,20.528125,19.55625,42.515625,20.759375
0.71875,0.746875,0.7625,0.728125,0.746875,0.784375,0.78125,0.79375,0.771875,0.784375,0.728125,0.778125,0.79375,0.815625,0.7625,0.796875,0.840625,0.846875,0.784375,0.790625,0.7125,0.8,0.86875,1.95625,1.865625,2.6625,3.225,0.80625,1.271875,1.140625,0.840625,0.846875,8.590625,6.821875,0.784375,17.509375,12.7125,15.8875,17.275,16.78125,16.85,8.5125,19.14375,4.696875,20.265625,18.715625,21.771875,20.271875,19.51875,21.371875,22.63125,22.403125,21.2,21.04375,3.5,3.684375,20.009375,5.5125,2.278125,18.584375,22.85625,26.64375,18.115625,23.3625,17.265625,21.740625,22.640625,30.453125,21.953125,19.2,38.125,21.528125,20.653125,23.975,36.73125
0.75,0.6875,0.76875,0.753125,0.759375,0.778125,0.775,0.771875,0.790625,0.775,0.790625,0.815625,0.840625,0.7625,0.796875,0.81875,0.79375,0.884375,0.825,0.88125,0.75,0.76875,3.35,0.721875,0.74375,2.446875,1.846875,0.809375,3.7,1.084375,0.884375,0.7875,8.225,8.85,0.86875,17.853125,9.34375,16.75,15.821875,18.671875,19.4,18.45,21.328125,3.359375,24.053125,14.54375,21.396875,19.8375,12.271875,19.2875,23.078125,22.56875,20.259375,20.884375,5.884375,2.671875,29.246875,5.33125,0.85625,13.1625,22.240625,22.2625,14.8875,22.296875,24.403125,35.1625,13.50625,14.584375,21.334375,23.325,38.34375,21.40625,36.534375,40.15625,37.3375
0.721875,0.703125,0.753125,0.83125,0.7625,0.825,0.7875,0.7625,0.76875,0.796875,0.7625,0.834375,0.8375,0.8125,0.765625,0.809375,0.815625,0.871875,0.80625,0.7875,0.725,0.8125,0.778125,0.71875,0.759375,2.51875,5.140625,0.803125,2.678125,1.375,0.871875,0.790625,8.80625,8.996875,0.815625,13.0125,14.51875,20.396875,17.196875,12.146875,17.10625,8.96875,20.396875,6.825,19.446875,22.2,20.434375,21.10625,19.59375,19.34375,22.309375,20.975,20.709375,22.4125,1.353125,1.125,41.975,5.409375,4.01875,13.134375,23.278125,22.10625,13.01875,21.621875,18.215625,21.98125,12.646875,23.0,22.79375,20.46875,43.490625,21.028125,32.734375,22.128125,39.684375
0.721875,0.734375,0.765625,0.7,0.803125,0.734375,0.81875,0.778125,0.778125,0.803125,0.76875,0.809375,0.8125,0.784375,0.8,0.790625,0.86875,0.903125,0.803125,0.728125,0.715625,0.7625,0.825,0.73125,2.425,2.575,1.54375,0.753125,3.096875,2.103125,0.859375,0.75625,10.959375,9.05,0.828125,10.934375,10.959375,17.203125,19.334375,14.071875,20.2,11.253125,20.2375,6.265625,21.346875,21.55,19.95,19.78125,18.63125,20.596875,22.009375,20.01875,21.340625,21.796875,5.79375,0.984375,16.7375,5.8625,0.91875,11.39375,24.853125,26.53125,18.09375,36.146875,24.365625,41.540625,14.934375,51.91875,21.78125,31.51875,36.425,21.5125,40.234375,49.071875,41.56875
0.73125,0.734375,0.76875,0.7375,0.765625,0.7375,0.821875,0.746875,0.803125,0.8,0.75625,0.8,0.78125,0.75625,0.79375,0.784375,0.78125,0.88125,0.8625,0.778125,0.709375,0.81875,0.803125,0.78125,1.5625,2.5,3.784375,0.85625,2.184375,1.896875,0.90625,0.790625,10.184375,8.15625,0.775,10.984375,10.825,18.89375,18.409375,16.771875,14.33125,13.271875,19.553125,7.446875,21.1125,19.403125,20.559375,23.15625,10.85,20.9875,22.18125,20.621875,20.30625,19.33125,7.684375,0.78125,17.1625,6.971875,0.909375,12.09375,24.25625,27.38125,20.2875,23.234375,19.440625,19.55625,18.0625,19.01875,22.55625,18.215625,45.334375,23.165625,39.340625,45.84375,41.565625
0.721875,0.778125,0.765625,0.715625,0.784375,0.759375,0.78125,0.778125,0.784375,0.8125,0.778125,0.759375,0.7875,0.79375,0.7875,0.775,0.79375,0.884375,0.7875,0.85,0.7125,0.75625,0.83125,0.753125,3.825,2.928125,1.3125,0.78125,2.66875,2.484375,0.8875,0.784375,9.14375,9.38125,0.790625,12.025,17.946875,15.0625,19.99375,13.184375,16.5125,12.2375,20.6,9.5375,21.653125,21.159375,20.675,18.871875,12.909375,12.94375,22.615625,22.640625,21.221875,19.625,7.153125,0.8,40.56875,6.11875,3.21875,13.134375,22.95625,27.409375,37.7,21.921875,19.975,20.31875,16.596875,20.4375,23.225,20.478125,46.796875,21.615625,33.74375,42.9875,22.515625
0.709375,0.759375,0.79375,0.740625,0.778125,0.7625,0.796875,0.759375,0.796875,0.796875,0.79375,0.7875,0.809375,0.78125,0.76875,0.8125,0.828125,0.840625,0.796875,0.803125,0.728125,0.83125,0.834375,0.74375,1.496875,2.675,3.86875,0.79375,2.871875,3.009375,0.871875,0.825,10.86875,9.915625,0.765625,17.128125,7.4625,13.471875,16.846875,16.228125,17.3625,14.6375,20.38125,7.1,23.040625,22.25625,20.121875,21.059375,18.128125,23.296875,21.940625,21.353125,20.69375,19.89375,5.6875,1.821875,39.890625,8.06875,3.753125,27.178125,49.925,28.95,19.76875,21.834375,18.309375,36.334375,17.078125,24.7,21.471875,21.140625,31.996875,21.534375,34.06875,39.665625,35.31875
0.759375,0.790625,0.7875,0.71875,0.75,0.790625,0.790625,0.771875,0.828125,0.778125,0.7375,0.784375,0.765625,0.765625,0.809375,0.778125,0.78125,0.821875,0.825,0.759375,0.721875,0.765625,0.83125,0.7375,0.778125,2.590625,7.2,0.759375,3.496875,2.903125,0.84375,0.78125,9.0375,10.421875,0.8,13.134375,9.9625,18.0375,16.634375,11.628125,12.7375,13.83125,20.55,7.4375,19.465625,22.878125,20.48125,22.85625,18.296875,21.95625,22.46875,20.978125,21.825,21.103125,10.221875,1.021875,16.23125,7.778125,1.909375,16.8625,24.2125,29.16875,34.51875,22.075,22.334375,21.25625,14.659375,16.921875,22.415625,20.190625,43.896875,20.7,35.103125,43.234375,40.4625
0.70625,0.75625,0.778125,0.78125,0.76875,0.771875,0.78125,0.765625,0.790625,0.759375,0.809375,0.765625,0.7875,0.76875,0.84375,0.7875,0.7625,0.85,0.790625,0.76875,0.725,0.803125,0.75625,0.75625,0.74375,2.334375,5.428125,0.890625,2.75,5.421875,0.884375,0.796875,9.140625,7.75,0.753125,12.20625,15.528125,18.421875,17.559375,15.984375,20.603125,12.565625,20.590625,8.309375,21.484375,21.003125,20.859375,21.4875,16.28125,22.384375,21.790625,22.190625,21.50625,17.975,13.26875,1.9125,19.121875,9.090625,3.225,17.971875,21.7375,25.1375,22.83125,22.140625,21.240625,21.578125,14.11875,23.3875,23.290625,22.4125,42.05,20.3875,39.171875,44.3125,24.36875
0.74375,0.715625,0.778125,0.78125,0.75,0.7875,0.815625,0.78125,0.784375,0.79375,0.728125,0.803125,0.8,0.765625,0.790625,0.784375,0.778125,0.865625,0.821875,0.78125,0.71875,0.784375,0.815625,0.75,0.715625,2.2875,2.41875,0.871875,3.559375,2.446875,0.884375,0.8125,9.7875,8.5875,0.834375,15.64375,11.5875,19.64375,16.159375,13.3375,18.484375,23.26875,19.025,11.640625,18.65625,23.259375,20.459375,20.38125,17.58125,23.090625,23.734375,20.959375,21.69375,18.675,14.321875,2.2,9.58125,9.45625,0.996875,13.28125,23.58125,26.70625,31.765625,21.95625,19.921875,21.821875,18.403125,20.103125,32.578125,21.484375,51.584375,21.40625,45.85,46.065625,38.946875
0.7125,0.728125,0.746875,0.759375,0.759375,0.815625,0.784375,0.765625,0.784375,0.765625,0.753125,0.81875,0.7875,0.8,0.86875,0.78125,0.76875,0.8,0.803125,0.771875,0.73125,0.803125,0.83125,0.71875,1.078125,2.496875,3.8375,0.840625,6.1,2.4625,0.853125,0.78125,8.571875,8.325,0.765625,17.621875,15.115625,18.096875,15.415625,15.875,19.221875,17.340625,20.53125,10.375,20.95625,21.69375,22.353125,21.621875,17.64375,21.234375,22.50625,21.525,22.215625,23.359375,15.4125,2.603125,18.5125,9.41875,0.946875,15.80625,24.121875,26.553125,19.640625,21.23125,20.6875,22.178125,17.45,20.66875,21.821875,21.25625,41.653125,36.184375,43.384375,45.746875,35.378125
0.765625,0.728125,0.78125,0.740625,0.746875,0.809375,0.74375,0.88125,0.796875,0.7875,0.759375,0.815625,0.80625,0.8,0.796875,0.765625,0.79375,0.825,0.846875,0.78125,0.70625,0.803125,0.7875,0.725,0.75,2.440625,3.103125,0.81875,2.840625,2.275,0.903125,0.771875,9.396875,8.49375,0.78125,15.7375,15.153125,18.159375,19.6125,16.2875,18.4,14.415625,21.9625,10.70625,20.453125,21.9,21.396875,22.771875,19.58125,20.7875,21.603125,22.865625,21.6,22.665625,11.309375,0.759375,19.053125,12.875,0.9625,13.390625,23.775,27.0,21.690625,23.4125,19.74375,20.9875,21.3875,38.803125,21.959375,21.09375,45.509375,21.70625,31.4375,48.24375,55.725
0.74375,0.71875,0.784375,0.7375,0.740625,0.78125,0.825,0.821875,0.76875,0.75625,0.775,0.8,0.778125,0.80625,0.996875,0.8,0.79375,0.853125,0.778125,0.80625,0.75625,0.76875,0.8,0.784375,0.709375,2.553125,2.90625,0.865625,3.63125,5.40625,0.878125,0.784375,9.203125,9.075,0.796875,11.721875,18.0,18.396875,14.9875,20.175,15.890625,21.575,20.56875,16.96875,20.578125,23.053125,21.690625,21.41875,22.70625,19.20625,22.740625,21.75625,22.875,20.178125,13.396875,0.7875,17.803125,10.14375,0.89375,17.046875,22.91875,26.678125,22.125,22.721875,18.75625,21.28125,22.090625,21.828125,39.959375,40.190625,45.034375,41.853125,37.565625,46.196875,44.2125
0.765625,0.74375,0.753125,0.746875,0.765625,0.815625,0.815625,0.765625,0.803125,0.7875,0.746875,0.815625,0.790625,0.775,0.76875,0.796875,0.775,0.9,0.8125,0.784375,0.746875,0.8,0.815625,0.765625,0.740625,2.64375,2.146875,0.953125,4.009375,8.20625,0.940625,0.8,8.728125,8.815625,0.8,11.40625,14.15,19.725,16.5875,18.54375,19.284375,19.340625,20.465625,15.3625,23.253125,22.23125,20.928125,22.515625,13.75625,23.771875,22.1,22.909375,20.83125,20.1875,14.45625,0.740625,22.0125,24.2375,2.078125,20.86875,28.9125,23.33125,20.015625,22.7,18.94375,25.09375,20.028125,24.875,22.409375,22.084375,38.90625,22.45,22.83125,43.00625,47.21875
0.721875,0.771875,0.80625,0.771875,0.821875,0.771875,0.753125,0.7875,0.7875,0.759375,0.75625,0.821875,0.815625,0.80625,0.828125,0.790625,0.821875,0.884375,0.875,0.81875,0.759375,0.815625,0.784375,0.78125,0.71875,2.53125,3.80625,0.946875,3.609375,4.59375,0.86875,0.834375,9.303125,9.25625,0.784375,18.021875,17.690625,17.809375,23.79375,21.05625,13.746875,18.9,21.2875,17.49375,21.9375,21.64375,22.85,22.8125,20.3,23.525,23.034375,21.765625,24.2625,22.05625,14.565625,4.196875,8.234375,37.528125,1.7,20.3625,23.85625,24.096875,20.553125,22.446875,19.925,41.671875,20.225,21.378125,22.859375,22.05625,42.13125,29.046875,42.746875,46.275,53.25625
0.790625,0.70625,0.75625,0.71875,0.796875,0.7625,0.775,0.7625,0.775,0.7375,0.8125,0.796875,0.821875,0.784375,0.8125,0.834375,0.825,0.925,0.85,0.78125,0.721875,0.7875,0.790625,0.725,0.734375,2.809375,5.296875,0.921875,3.95625,3.471875,0.9,0.790625,9.090625,10.0625,0.79375,16.70625,15.828125,16.21875,15.53125,22.8875,18.7875,18.90625,19.925,12.515625,25.3875,22.64375,21.653125,23.43125,19.146875,20.484375,22.465625,23.159375,22.65,23.928125,15.571875,2.796875,19.69375,15.81875,2.715625,21.41875,21.465625,25.596875,20.75625,22.1375,20.8625,20.228125,20.73125,21.521875,39.628125,43.690625,45.246875,44.340625,35.984375,50.05625,47.459375
0.725,0.746875,0.76875,0.734375,0.8,0.828125,0.796875,0.746875,0.775,0.825,0.790625,0.771875,0.803125,0.734375,0.8125,0.80625,0.81875,0.909375,0.815625,0.8125,0.728125,0.784375,0.803125,0.7125,0.7875,2.90625,3.01875,0.971875,5.753125,3.6375,0.878125,0.809375,8.44375,10.74375,0.828125,14.4375,17.221875,20.0375,20.540625,13.634375,19.76875,21.2875,22.1375,18.3,21.5125,21.33125,21.53125,20.828125,18.021875,23.43125,22.840625,21.54375,22.521875,23.16875,18.56875,3.9125,17.853125,20.79375,11.46875,18.953125,23.84375,22.209375,20.096875,22.228125,22.578125,24.6625,21.559375,25.125,42.446875,42.196875,44.05,45.778125,34.296875,43.1,59.803125
0.76875,0.715625,0.740625,0.74375,0.809375,0.78125,0.771875,0.825,0.853125,0.759375,0.740625,0.78125,0.78125,0.765625,0.796875,0.828125,0.840625,0.90625,0.809375,0.809375,0.715625,0.79375,0.81875,0.728125,0.903125,2.946875,2.20625,0.871875,4.825,3.93125,0.88125,0.83125,10.11875,9.046875,0.796875,15.671875,17.521875,18.984375,20.64375,17.990625,17.75,20.040625,22.459375,19.453125,20.871875,23.025,22.86875,21.05625,19.58125,22.21875,22.284375,22.2,21.8375,22.909375,16.003125,2.8625,8.03125,16.253125,7.596875,44.3875,22.265625,39.840625,21.609375,21.59375,19.303125,22.221875,22.678125,44.603125,21.59375,43.271875,41.959375,54.075,36.16875,49.003125,57.528125
0.75625,0.759375,0.76875,0.7375,0.7875,0.753125,0.8,0.78125,0.78125,0.778125,0.7875,0.81875,0.80625,0.74375,0.784375,0.7875,0.7625,0.890625,0.846875,0.80625,0.715625,0.81875,0.834375,0.7625,0.75625,2.70625,2.575,0.91875,6.4375,4.890625,0.9125,0.796875,9.625,8.53125,0.828125,18.865625,18.575,17.728125,16.640625,20.034375,38.434375,21.971875,20.234375,19.0125,22.878125,21.965625,22.409375,21.64375,20.659375,21.43125,22.928125,21.88125,23.159375,21.43125,12.29375,4.990625,11.575,15.50625,5.4125,33.940625,22.534375,26.84375,20.6125,22.109375,18.10625,22.95625,21.89375,49.9375,22.590625,43.08125,44.70625,44.23125,38.971875,44.709375,41.86875
0.728125,0.746875,0.75625,0.734375,0.746875,0.78125,0.8,0.790625,0.759375,0.796875,0.765625,0.83125,0.765625,0.753125,0.815625,0.8,0.753125,0.8625,0.828125,0.99375,0.78125,0.784375,0.815625,0.725,0.996875,2.7625,2.346875,0.965625,5.915625,4.628125,0.84375,0.81875,9.225,8.390625,0.834375,16.86875,21.496875,15.51875,15.821875,24.05,19.753125,20.35,20.515625,16.578125,21.8125,21.965625,19.890625,20.996875,20.553125,24.109375,22.915625,21.490625,22.303125,25.825,16.684375,5.309375,19.65625,17.846875,10.9875,51.24375,21.028125,28.534375,21.628125,23.703125,20.084375,23.55625,21.159375,41.478125,22.153125,46.265625,41.528125,41.0375,30.90625,46.796875,54.503125
0.74375,0.7375,0.74375,0.728125,0.809375,0.809375,0.78125,0.784375,0.778125,0.83125,0.740625,0.79375,0.790625,0.778125,0.821875,0.81875,0.78125,0.853125,0.88125,0.890625,0.725,0.846875,0.83125,0.746875,0.8,2.775,1.5375,0.94375,5.59375,4.21875,0.878125,0.784375,9.58125,7.85625,0.9125,19.825,19.309375,17.928125,15.653125,20.63125,18.88125,20.328125,20.296875,22.85625,20.14375,20.9,21.675,21.89375,20.303125,20.628125,22.484375,20.465625,22.378125,22.584375,15.915625,9.121875,7.865625,15.134375,6.6375,20.2,22.1,25.6375,21.4375,23.425,20.05,19.8625,22.053125,52.4125,21.403125,25.3875,47.746875,39.90625,45.11875,41.978125,44.040625
0.753125,0.75,0.784375,0.734375,0.79375,0.790625,0.803125,0.80625,0.7875,0.771875,0.753125,0.846875,0.771875,0.8,0.8,0.8,0.809375,0.875,0.865625,0.790625,0.734375,0.8,0.8,0.7125,2.2875,2.70625,2.275,0.903125,5.89375,4.040625,0.88125,0.815625,9.521875,9.109375,0.809375,18.440625,17.31875,20.215625,14.46875,18.70625,19.421875,20.496875,21.215625,19.38125,22.284375,21.35625,21.309375,24.096875,19.659375,23.35625,24.16875,22.815625,20.678125,21.525,15.89375,8.16875,19.3125,18.9875,10.721875,21.54375,20.58125,24.3125,22.271875,22.975,22.715625,22.21875,21.265625,23.096875,21.271875,37.4875,40.0375,47.94375,38.834375,47.203125,43.671875
0.71875,0.7625,0.753125,0.7375,0.759375,0.7875,0.809375,0.81875,0.8375,0.825,0.734375,0.796875,0.803125,0.75625,0.8125,0.80625,0.80625,0.8875,0.90625,0.7625,0.715625,0.8,0.76875,0.721875,3.3625,2.90625,3.05,0.934375,5.934375,4.44375,0.8625,0.8375,9.090625,9.953125,0.834375,20.49375,19.06875,20.240625,14.93125,12.39375,22.484375,20.71875,20.515625,21.525,20.240625,20.528125,21.89375,24.471875,19.959375,21.48125,22.946875,22.528125,20.59375,20.703125,15.646875,8.75,11.078125,16.259375,11.003125,38.015625,23.140625,23.615625,21.7375,22.28125,21.4,22.6375,22.109375,42.53125,21.24375,45.834375,43.440625,37.9875,42.00625,50.11875,35.3625
0.725,0.740625,0.7625,0.809375,0.784375,0.79375,0.803125,0.8,0.771875,0.771875,0.759375,0.796875,0.8125,0.8125,0.825,0.784375,0.85625,0.871875,0.840625,0.771875,0.721875,0.809375,0.815625,0.721875,1.61875,2.65,3.621875,0.98125,6.0625,3.5875,0.921875,0.95,8.428125,11.41875,1.2375,18.68125,19.421875,20.628125,14.978125,13.225,19.390625,20.56875,18.746875,20.55625,22.615625,20.79375,21.5875,23.125,19.421875,23.48125,23.540625,22.053125,21.315625,22.409375,20.259375,11.909375,19.71875,14.56875,9.975,20.878125,22.43125,26.4875,41.6375,22.70625,20.3125,21.521875,21.0625,20.790625,23.403125,33.796875,37.725,42.440625,36.934375,48.053125,47.315625
0.7875,0.73125,0.784375,0.765625,0.80625,0.75,0.79375,0.7625,0.784375,0.790625,0.746875,0.846875,0.821875,0.75,0.796875,0.84375,0.78125,0.88125,0.921875,0.7875,0.7,0.80625,0.9375,0.734375,0.78125,2.678125,2.146875,0.959375,5.984375,3.89375,0.9125,1.10625,9.51875,8.846875,0.865625,13.55625,18.353125,22.0625,16.615625,17.890625,20.35,22.325,23.3875,20.35,19.959375,21.996875,23.25,21.03125,17.9875,23.203125,22.675,21.628125,22.4625,22.95625,15.0875,13.478125,18.09375,17.884375,13.99375,25.44375,23.809375,24.51875,22.628125,22.746875,21.75625,41.078125,21.2625,20.9625,22.3125,44.85625,35.6625,42.734375,40.075,46.35625,46.2875
0.76875,0.7625,0.74375,0.79375,0.71875,0.765625,0.771875,0.81875,0.7625,0.8125,0.73125,0.796875,0.778125,0.78125,0.79375,0.78125,0.8,0.9125,0.903125,0.8375,0.703125,0.803125,0.846875,0.75,4.65,2.625,2.853125,0.94375,7.634375,4.084375,0.95,3.190625,9.334375,8.640625,1.275,18.534375,20.640625,20.6875,24.7375,18.4125,19.721875,19.69375,23.021875,21.4,21.03125,22.46875,21.640625,21.534375,18.96875,22.109375,23.075,21.596875,21.946875,20.390625,22.0,11.990625,19.809375,17.29375,15.03125,20.19375,23.9375,25.446875,21.68125,21.553125,20.8,23.271875,21.09375,44.025,22.309375,22.640625,40.503125,46.003125,43.525,48.703125,56.53125
0.7,0.725,0.7625,0.759375,0.809375,0.7875,0.775,0.765625,0.778125,0.7875,0.759375,0.81875,0.790625,0.765625,0.80625,0.784375,0.784375,0.928125,0.86875,0.76875,0.753125,0.790625,0.825,0.746875,1.24375,2.99375,3.428125,0.984375,5.9375,3.91875,0.86875,4.290625,11.31875,9.084375,0.875,18.540625,16.05,18.859375,14.359375,18.753125,20.21875,20.209375,20.690625,19.221875,21.475,22.365625,21.284375,22.9125,20.271875,19.459375,22.6125,21.703125,21.9875,21.646875,19.425,11.140625,20.009375,14.40625,17.415625,19.75625,24.371875,26.3,20.93125,23.00625,22.134375,22.09375,20.915625,42.584375,22.971875,45.328125,41.215625,46.275,44.734375,50.528125,48.8625
0.75625,0.746875,0.746875,0.759375,0.79375,0.74375,0.775,0.7875,0.8375,0.79375,0.7625,0.80625,0.78125,0.778125,0.7875,0.815625,0.778125,0.84375,0.8625,0.7875,0.7625,0.809375,0.93125,0.734375,0.95,2.696875,2.7625,0.971875,6.9,4.9625,0.884375,1.69375,10.253125,11.125,1.503125,19.378125,21.30625,20.553125,16.528125,19.284375,19.228125,20.93125,21.371875,22.1875,21.7625,21.803125,22.05625,20.5,20.834375,20.76875,22.421875,21.396875,41.1,20.846875,16.9875,12.559375,12.71875,17.696875,18.9625,21.290625,23.025,25.784375,20.99375,22.971875,21.503125,21.75625,21.65,39.371875,21.59375,35.9375,42.35,42.9,47.671875,49.296875,44.44375
0.75,0.740625,0.746875,0.71875,0.771875,0.771875,0.76875,0.753125,0.771875,0.828125,0.8875,0.809375,0.803125,0.7875,0.803125,0.8,0.803125,0.946875,0.91875,0.803125,0.740625,0.778125,0.825,1.7125,1.08125,2.875,3.140625,2.246875,7.59375,4.771875,0.915625,4.83125,10.115625,10.490625,0.925,17.121875,19.61875,20.559375,16.453125,23.371875,18.675,20.85,19.784375,19.784375,19.746875,22.684375,21.646875,21.509375,20.040625,22.109375,22.503125,21.553125,22.83125,20.228125,22.240625,18.628125,19.153125,31.94375,15.678125,19.2375,24.225,24.065625,42.465625,23.021875,20.821875,23.071875,21.984375,22.1,22.678125,22.878125,46.559375,43.61875,45.6375,42.89375,45.7875
0.746875,0.7375,0.759375,0.765625,0.803125,0.759375,0.778125,0.80625,0.778125,0.809375,0.740625,0.78125,0.790625,0.784375,0.8,0.80625,0.809375,0.884375,0.840625,0.76875,0.746875,0.7875,0.8375,0.725,1.1875,2.60625,3.375,0.990625,8.225,6.23125,5.284375,2.91875,10.803125,8.978125,0.971875,19.0375,18.828125,19.490625,21.290625,20.5875,18.9,20.6,19.10625,19.053125,21.1,22.1875,22.43125,21.365625,19.575,22.9,23.028125,22.675,22.3,21.85625,19.246875,19.3,19.290625,41.71875,19.078125,20.56875,22.165625,24.978125,20.653125,21.096875,23.153125,21.93125,21.04375,47.234375,38.71875,45.18125,43.33125,48.309375,47.8875,48.2375,47.625
0.7125,0.75625,0.771875,0.740625,0.853125,0.778125,0.771875,0.784375,0.778125,0.8125,0.759375,0.778125,0.80625,0.765625,0.80625,0.78125,0.815625,0.928125,0.84375,0.83125,0.715625,0.76875,0.784375,2.3375,1.09375,2.6,3.321875,0.996875,7.703125,7.8625,0.88125,3.690625,10.95,9.790625,1.2375,19.725,20.7625,19.003125,19.7,19.296875,18.115625,20.196875,20.190625,21.996875,22.25,21.86875,23.415625,20.596875,20.26875,23.559375,22.66875,22.80625,22.365625,20.646875,19.959375,21.89375,14.803125,21.3875,17.634375,19.140625,22.503125,29.1875,21.49375,21.390625,21.70625,22.36875,24.175,19.590625,21.446875,45.978125,48.178125,49.575,45.896875,49.7125,36.125
0.7625,0.703125,0.7875,0.765625,0.765625,0.765625,0.765625,0.84375,0.784375,0.78125,0.765625,0.815625,0.79375,0.771875,0.784375,0.825,0.81875,0.9125,0.86875,0.79375,0.753125,0.8,0.79375,0.75,0.81875,2.65,1.71875,1.0875,8.3875,6.4875,0.975,4.553125,10.309375,9.7625,2.134375,19.834375,19.578125,20.54375,20.003125,19.071875,18.64375,20.546875,20.328125,21.090625,19.590625,23.896875,21.80625,21.55625,36.03125,21.940625,22.571875,22.009375,22.1625,23.83125,20.990625,20.86875,20.565625,19.859375,19.115625,19.940625,26.0625,25.29375,22.015625,24.81875,36.94375,22.26875,41.925,24.953125,40.728125,23.3875,41.978125,49.83125,47.2125,43.621875,42.190625
0.725,0.7625,0.775,0.75,0.75,0.778125,0.765625,0.76875,0.803125,0.80625,0.765625,0.80625,0.8125,0.78125,0.765625,0.825,0.7875,0.88125,0.86875,0.778125,0.759375,0.815625,0.825,0.70625,0.76875,2.50625,1.0375,0.94375,6.65625,5.35625,2.209375,4.78125,10.5875,10.859375,2.025,13.965625,18.596875,19.003125,19.878125,14.784375,18.75,21.81875,21.675,21.525,24.321875,22.515625,21.80625,19.90625,19.896875,21.43125,23.028125,23.103125,21.484375,22.25,21.240625,16.3625,20.015625,16.18125,24.184375,20.434375,23.94375,25.84375,21.334375,24.05625,22.265625,23.0125,33.68125,24.60625,41.13125,23.465625,45.871875,46.90625,49.896875,47.8125,50.221875
0.721875,0.7375,0.815625,0.753125,0.79375,0.80625,0.7625,0.78125,0.775,0.790625,0.7375,0.7875,0.84375,0.765625,0.79375,0.859375,0.80625,0.8875,0.85625,0.790625,0.75625,0.775,0.834375,0.71875,1.08125,2.890625,4.90625,4.015625,7.35,5.746875,1.10625,6.240625,11.015625,11.49375,1.803125,16.7375,18.9625,19.546875,19.41875,20.71875,20.921875,20.415625,20.965625,20.875,18.903125,22.365625,21.5125,20.75625,19.89375,19.58125,22.23125,22.465625,21.671875,21.625,19.521875,20.80625,19.60625,18.96875,18.325,21.275,24.409375,24.41875,21.865625,21.421875,21.678125,23.56875,36.528125,20.109375,22.753125,22.56875,41.059375,44.478125,46.83125,48.45625,45.240625
0.7625,0.80625,0.74375,0.771875,0.75625,0.8375,0.796875,0.7875,0.83125,0.7875,0.7875,0.79375,0.81875,0.7875,0.809375,0.846875,0.7875,0.884375,0.878125,0.790625,0.75,0.784375,0.81875,0.734375,1.01875,2.65,2.04375,3.134375,6.834375,5.253125,0.884375,5.95625,11.259375,10.803125,7.1375,17.928125,22.5125,20.2,17.928125,19.078125,19.0875,18.534375,19.790625,23.496875,20.209375,22.234375,22.50625,23.090625,20.55,21.03125,22.23125,21.540625,42.13125,21.953125,22.41875,11.978125,20.25625,20.271875,34.6,21.39375,22.04375,25.096875,21.096875,24.08125,19.240625,21.740625,40.603125,19.921875,21.8875,23.628125,42.41875,42.103125,49.390625,49.484375,45.2
0.71875,0.78125,0.796875,0.715625,0.771875,0.8,0.80625,0.775,0.765625,0.7625,0.7375,0.784375,0.871875,0.76875,0.784375,0.809375,0.8125,0.915625,0.878125,1.815625,0.728125,0.8125,0.79375,0.75,0.759375,2.93125,3.059375,4.68125,6.7875,7.05625,1.259375,7.828125,11.0,11.10625,4.94375,17.728125,20.615625,21.38125,18.98125,20.06875,20.51875,19.803125,22.4,20.246875,21.70625,22.80625,23.7625,22.846875,19.578125,22.31875,22.51875,22.215625,23.578125,21.7125,19.725,19.665625,20.846875,33.715625,26.025,17.89375,24.771875,26.6375,23.38125,23.228125,20.98125,24.003125,35.953125,25.25625,21.98125,21.33125,45.70625,45.803125,49.375,43.43125,41.940625
0.734375,0.765625,0.796875,0.8,0.790625,0.7625,0.78125,0.8,0.775,0.7875,0.759375,0.76875,0.809375,0.796875,0.7625,0.8375,0.83125,0.909375,0.84375,0.8375,1.15,0.8375,0.8125,0.778125,0.765625,2.4625,2.128125,5.0625,6.45,7.4875,3.90625,7.75,11.109375,10.321875,7.165625,16.565625,17.26875,20.553125,17.653125,25.875,20.334375,21.56875,22.103125,20.89375,20.203125,22.834375,22.909375,21.109375,21.596875,23.884375,22.74375,23.440625,23.678125,21.784375,23.88125,20.303125,20.43125,19.28125,22.53125,19.921875,25.4125,27.215625,22.24375,21.70625,46.1375,22.078125,44.8,25.671875,22.28125,23.63125,45.771875,41.465625,46.55625,52.2,40.41875
0.74375,0.76875,0.771875,0.7625,0.79375,0.8375,0.828125,0.8125,0.80625,0.8,0.796875,0.7875,0.790625,0.775,0.8,0.834375,0.815625,0.940625,0.8875,0.803125,0.746875,1.25,0.8125,0.75,0.759375,2.696875,3.51875,4.153125,8.43125,7.36875,5.50625,10.559375,11.259375,11.809375,8.421875,12.990625,20.2125,19.60625,18.56875,13.221875,20.13125,21.534375,19.89375,22.2375,18.728125,22.571875,21.278125,21.9875,45.875,22.815625,23.009375,23.459375,22.240625,23.065625,19.184375,18.871875,20.9125,19.653125,28.346875,19.95625,23.965625,24.3875,28.771875,23.2125,21.56875,22.7,31.265625,20.85625,40.678125,22.009375,48.5875,43.725,48.428125,49.3625,42.115625
0.734375,0.734375,0.76875,0.78125,0.828125,0.79375,0.790625,0.81875,0.834375,0.859375,0.7875,0.825,0.79375,0.771875,0.7875,1.103125,0.796875,0.925,0.88125,0.825,0.759375,0.778125,0.825,0.759375,0.8,2.959375,4.321875,4.621875,8.38125,8.803125,9.9875,10.184375,10.0,11.9875,10.375,18.084375,20.64375,20.196875,22.46875,13.834375,20.75,21.953125,21.690625,19.71875,21.49375,22.2875,21.65,22.51875,17.553125,21.709375,22.91875,21.840625,22.23125,22.5375,23.525,24.4375,12.625,29.4125,22.403125,24.940625,25.39375,25.878125,22.81875,21.965625,41.396875,22.8375,38.5125,24.8875,44.878125,22.66875,43.73125,45.7125,47.965625,51.553125,40.225
0.7625,0.8,0.78125,0.7875,0.790625,0.790625,0.7625,0.775,0.765625,0.7875,0.803125,0.790625,0.7875,0.74375,0.828125,0.84375,0.803125,0.9375,0.940625,0.825,0.7125,0.7625,0.809375,0.73125,0.778125,3.1,4.325,6.140625,8.478125,9.721875,9.88125,10.696875,10.75625,11.35,17.825,11.7875,20.284375,20.134375,20.715625,15.9375,20.034375,21.934375,21.7625,21.959375,20.009375,22.13125,21.146875,20.8125,22.109375,21.703125,23.65,22.99375,21.1375,32.66875,37.340625,21.7375,17.825,18.15,19.315625,23.121875,24.825,24.228125,22.759375,22.3,37.83125,23.825,40.5625,19.990625,38.515625,22.325,43.0875,47.603125,44.23125,48.334375,45.0875
0.74375,0.771875,0.753125,0.753125,0.784375,0.8,0.775,0.76875,0.85625,0.765625,0.74375,0.790625,0.790625,0.778125,0.7875,0.803125,0.771875,0.9375,2.29375,0.746875,0.721875,0.8125,0.8125,0.775,0.765625,3.2875,3.865625,8.5125,11.921875,7.90625,12.159375,10.65,11.05625,11.78125,9.946875,9.36875,18.49375,19.7875,20.796875,17.91875,21.35625,20.225,22.884375,21.31875,20.63125,22.671875,22.134375,22.184375,19.93125,24.61875,23.33125,22.725,23.03125,21.6,20.878125,38.275,18.90625,32.746875,26.14375,20.16875,24.26875,27.16875,21.909375,38.40625,32.90625,23.015625,22.775,23.071875,42.4375,23.08125,43.853125,46.38125,46.8625,48.165625,44.2375
0.7375,0.734375,0.7625,0.73125,0.7875,0.815625,0.8,0.775,0.765625,0.8,0.73125,0.78125,0.796875,0.8,0.809375,0.821875,0.771875,0.965625,0.903125,1.940625,0.7125,0.79375,0.790625,0.728125,0.753125,3.315625,3.496875,10.41875,8.971875,8.175,11.2375,16.246875,10.603125,10.8875,17.3125,14.9375,20.31875,20.175,21.29375,20.690625,19.971875,20.646875,20.246875,23.44375,20.009375,21.4125,22.75,20.6375,21.846875,23.528125,22.759375,23.2375,22.284375,41.2,22.734375,45.1,17.2375,16.88125,28.7,19.425,23.2625,28.95625,41.40625,24.159375,46.684375,24.515625,21.74375,20.553125,22.790625,23.21875,43.91875,38.775,44.075,48.040625,45.13125
0.728125,0.71875,0.76875,0.803125,0.775,0.80625,0.825,0.825,0.796875,0.76875,0.796875,0.828125,0.7875,0.809375,0.759375,0.8375,0.790625,0.93125,0.8875,0.796875,0.775,0.828125,0.834375,0.778125,0.75,3.553125,4.2375,8.540625,8.528125,9.16875,8.89375,7.99375,10.934375,12.996875,11.709375,17.359375,18.325,19.5,20.103125,18.709375,19.49375,20.4875,21.89375,21.425,21.7375,22.1625,23.340625,20.86875,22.028125,22.34375,22.596875,23.246875,21.53125,25.403125,35.99375,24.3375,16.9375,32.5875,20.046875,21.7625,23.484375,27.1625,44.359375,23.1625,19.765625,22.4125,25.078125,20.6625,47.321875,24.109375,43.1125,37.340625,48.621875,46.85625,35.490625
0.728125,0.8,0.746875,0.78125,0.796875,0.753125,0.7875,0.759375,0.76875,0.86875,0.778125,0.815625,0.796875,0.775,0.80625,0.871875,0.7875,0.925,0.9,0.80625,0.746875,0.86875,0.903125,0.775,0.790625,3.075,2.775,14.24375,7.890625,9.61875,11.196875,13.209375,10.940625,11.73125,19.771875,12.14375,20.028125,20.803125,20.975,21.025,19.934375,19.853125,20.759375,22.0625,21.465625,22.925,22.909375,22.21875,21.665625,21.696875,23.428125,22.43125,22.578125,21.790625,49.221875,42.6,16.884375,18.85,32.546875,19.8375,24.665625,25.96875,21.921875,23.9125,36.115625,23.1625,35.90625,19.996875,37.296875,22.65625,47.059375,46.421875,48.50625,47.634375,45.20625
0.7625,0.75625,0.778125,0.7375,0.778125,0.75625,0.746875,0.79375,0.80625,0.8875,0.8125,0.81875,0.76875,0.74375,0.81875,0.871875,0.7625,0.915625,0.86875,0.8375,0.703125,0.8,0.865625,1.359375,0.76875,3.125,3.390625,9.390625,10.059375,11.715625,12.928125,11.203125,12.075,11.284375,20.78125,16.95625,17.9875,19.3125,19.671875,19.9125,21.371875,21.48125,21.71875,23.0375,23.103125,21.29375,21.396875,21.85,20.303125,22.9375,23.546875,22.928125,22.2625,27.01875,24.965625,38.1625,11.659375,40.00625,38.546875,19.0375,25.253125,25.51875,24.778125,24.703125,36.64375,22.73125,38.36875,21.965625,37.74375,21.690625,48.35,42.309375,47.0,50.30625,41.48125
