y0,y1,y2,y3,y4,y5,y6,y7,y8,y9,y10,y11,y12,y13,y14,y15,y16,y17,y18,y19,y20,y21,y22,y23,y24,y25
0.075,0.1,0.16875,0.18125,0.23125,0.19375,0.146875,0.175,0.09375,0.184375,0.121875,0.14375,0.140625,0.159375,0.18125,0.25,0.15,0.146875,0.178125,0.225,0.146875,0.23125,0.11875,0.278125,0.134375,0.2
0.215625,0.265625,0.2625,0.23125,0.2375,0.196875,0.21875,0.30625,0.278125,0.26875,0.2625,0.221875,0.253125,0.29375,0.209375,0.265625,0.209375,0.16875,0.221875,0.275,0.146875,0.21875,0.184375,0.28125,0.21875,0.19375
0.203125,0.265625,0.253125,0.2375,0.35,0.28125,0.29375,0.25,0.253125,0.271875,0.303125,0.290625,0.296875,0.315625,0.221875,0.228125,0.228125,0.265625,0.284375,0.328125,0.315625,0.3125,0.284375,0.321875,0.290625,0.34375
0.315625,0.21875,0.271875,0.278125,0.290625,0.26875,0.425,0.30625,0.396875,0.340625,0.315625,0.284375,0.26875,0.271875,0.296875,0.259375,0.284375,0.315625,0.290625,0.246875,0.44375,0.315625,0.3375,0.275,0.403125,0.290625
0.334375,0.29375,0.290625,0.396875,0.2875,0.25625,0.328125,0.296875,0.271875,0.275,0.3125,0.2875,0.26875,0.303125,0.284375,0.259375,0.240625,0.759375,0.353125,0.309375,0.321875,0.315625,0.325,0.290625,0.390625,0.296875
0.34375,0.275,0.3375,0.321875,0.303125,0.271875,0.334375,0.471875,0.321875,0.328125,0.346875,0.290625,0.353125,0.309375,0.278125,0.3,0.2875,0.321875,0.2625,0.321875,0.371875,0.39375,0.31875,0.265625,0.378125,0.3375
0.325,0.303125,0.278125,0.334375,0.340625,0.3125,0.30625,0.425,0.371875,0.321875,0.334375,0.2875,0.31875,0.309375,0.3,0.290625,0.29375,0.36875,0.384375,0.3625,0.325,0.378125,0.384375,0.278125,0.371875,0.340625
0.371875,0.334375,0.38125,0.378125,0.33125,0.340625,0.403125,0.45,0.325,0.315625,0.34375,0.3625,0.35,0.30625,0.31875,0.540625,0.33125,0.3625,0.33125,0.35625,0.35625,0.35,0.38125,0.334375,0.346875,0.284375
0.425,0.4125,0.31875,0.4125,0.359375,0.359375,0.3625,0.475,0.325,0.3875,0.359375,0.3375,0.475,0.365625,0.315625,0.334375,0.321875,0.33125,0.471875,0.334375,0.325,0.390625,0.40625,0.3375,0.475,0.35625
0.38125,0.40625,0.3125,0.440625,0.39375,0.3625,0.375,0.64375,0.43125,0.45625,0.403125,0.3625,0.35625,0.45,0.3375,0.35,0.365625,0.45625,0.865625,0.396875,0.3625,0.328125,0.36875,0.340625,0.5375,0.303125
0.471875,0.396875,0.375,0.4375,0.309375,0.38125,0.346875,0.54375,0.3875,0.396875,0.4375,0.29375,0.384375,0.490625,0.36875,0.45625,0.421875,0.434375,0.3375,0.3875,0.35,0.490625,0.440625,0.30625,0.49375,0.475
0.55625,0.390625,0.634375,0.45625,0.384375,0.48125,0.409375,0.55625,0.378125,0.45,0.375,0.31875,0.378125,0.365625,0.41875,0.425,0.371875,0.378125,0.3875,0.34375,0.334375,0.425,0.5125,0.38125,0.4875,0.596875
0.575,0.403125,0.35,0.459375,0.440625,0.425,0.4,0.55625,0.40625,0.409375,0.603125,0.375,0.4,0.44375,0.41875,0.403125,0.359375,0.43125,0.425,0.646875,0.35625,0.3875,0.384375,0.415625,0.503125,0.4375
0.615625,0.359375,0.43125,0.515625,0.340625,0.61875,0.428125,0.65625,0.434375,0.428125,0.565625,0.465625,0.3875,0.384375,0.53125,0.48125,0.35,0.571875,0.41875,0.5125,0.359375,0.49375,0.43125,0.334375,0.496875,0.371875
0.571875,0.3875,0.434375,0.525,0.384375,0.525,0.425,0.5875,0.375,0.365625,0.4,0.403125,0.44375,0.6,0.515625,0.50625,0.475,0.5625,0.403125,0.540625,0.35625,0.4125,0.63125,0.38125,0.4875,0.4375
0.6125,0.43125,0.525,0.534375,0.415625,0.521875,0.484375,0.61875,0.540625,0.365625,0.6875,0.428125,0.415625,0.41875,0.565625,0.4625,0.365625,0.5625,0.640625,0.678125,0.4,0.49375,0.546875,0.353125,0.615625,0.4375
0.590625,0.359375,0.5125,0.521875,0.459375,0.45,0.471875,0.678125,0.503125,0.509375,0.490625,0.43125,0.4125,0.446875,0.64375,0.4625,0.484375,0.50625,0.4125,0.60625,0.44375,0.53125,1.271875,0.384375,0.6875,0.49375
0.59375,0.421875,0.56875,0.6375,0.4875,0.4375,0.471875,0.646875,0.525,0.3625,0.540625,0.375,0.496875,0.5875,0.65625,0.58125,0.375,0.634375,0.665625,0.840625,0.4,0.671875,0.4875,0.571875,0.728125,0.590625
0.603125,0.428125,0.615625,0.61875,0.5375,0.50625,0.490625,0.728125,0.584375,0.384375,0.58125,0.35625,0.478125,0.46875,0.80625,0.534375,0.56875,0.646875,0.621875,0.653125,0.4,0.540625,0.484375,0.415625,0.628125,0.609375
0.696875,0.3875,0.55625,0.590625,0.565625,0.48125,0.615625,0.68125,0.803125,0.396875,0.615625,0.440625,0.609375,0.55,0.6125,0.50625,0.434375,0.628125,0.559375,1.021875,0.40625,0.6375,0.621875,0.65,0.6625,0.603125
0.6625,0.484375,0.559375,0.70625,0.540625,0.471875,0.4375,0.690625,1.371875,0.39375,0.853125,0.41875,0.496875,0.665625,0.5625,0.4875,0.43125,0.6625,0.596875,1.034375,0.440625,0.56875,0.6,0.715625,0.7125,0.659375
0.634375,0.459375,0.615625,0.628125,0.53125,0.490625,0.53125,0.690625,0.903125,0.384375,1.15625,0.546875,0.45625,0.603125,0.671875,0.49375,0.49375,0.6625,0.771875,0.678125,0.546875,0.646875,0.56875,0.559375,0.853125,0.925
0.715625,0.521875,0.59375,0.75,0.63125,0.571875,0.640625,0.728125,0.68125,0.415625,0.684375,0.490625,0.478125,0.640625,0.6125,0.6,0.459375,0.73125,0.696875,0.684375,0.453125,1.309375,0.55,0.6125,1.171875,0.7375
0.671875,0.69375,0.584375,0.66875,0.578125,0.590625,0.55,0.715625,1.04375,0.396875,0.684375,0.625,0.496875,0.696875,0.640625,0.665625,0.403125,0.7375,1.13125,0.775,0.46875,1.203125,0.615625,0.68125,0.696875,0.7375
0.6875,0.546875,0.6625,0.675,0.59375,0.615625,0.621875,0.671875,0.821875,0.41875,0.73125,0.44375,0.60625,0.759375,0.728125,0.9125,0.515625,0.70625,0.690625,0.73125,0.54375,0.821875,0.6,0.609375,1.175,0.753125
0.65625,0.55,0.678125,0.715625,0.565625,0.5625,0.596875,0.678125,0.903125,0.740625,0.746875,0.46875,0.525,0.6875,0.703125,0.575,0.621875,0.73125,1.040625,0.78125,0.571875,0.796875,0.590625,0.684375,0.934375,0.8375
0.715625,0.6375,0.596875,0.709375,0.615625,0.646875,0.578125,0.721875,0.7,0.4875,0.79375,0.503125,0.5,0.665625,2.4125,0.625,0.61875,0.709375,0.696875,2.73125,0.6125,1.13125,0.590625,0.65625,1.278125,0.81875
0.71875,0.6125,0.628125,0.8,0.63125,0.74375,0.628125,0.7625,0.73125,0.6,0.86875,0.590625,0.73125,0.70625,2.015625,1.334375,0.865625,0.796875,0.73125,1.35,0.621875,0.884375,0.696875,0.696875,2.99375,0.725
0.740625,0.671875,0.628125,0.71875,0.603125,0.628125,0.6125,0.74375,0.75,0.521875,2.571875,0.503125,0.71875,0.878125,2.26875,1.76875,0.628125,0.7125,0.740625,0.78125,0.609375,1.990625,0.6625,0.715625,0.75625,0.74375
0.69375,0.625,0.6875,0.7625,0.678125,0.58125,0.6875,0.7125,0.746875,0.7875,0.784375,0.621875,0.715625,0.73125,3.2,0.925,0.6375,0.771875,0.6875,2.9625,0.65625,1.409375,0.746875,0.678125,1.375,1.0625
0.7625,0.628125,0.746875,0.815625,0.625,0.653125,0.628125,0.7625,0.734375,0.621875,0.684375,0.66875,0.665625,0.7375,2.740625,2.940625,0.63125,1.096875,0.721875,0.971875,0.615625,1.96875,0.690625,1.15625,1.525,3.653125
0.725,0.675,0.690625,0.696875,0.653125,0.609375,0.7,0.7125,0.921875,0.865625,0.740625,0.6875,0.659375,0.79375,2.6125,3.046875,0.640625,0.803125,0.75625,3.15625,0.653125,1.271875,0.646875,0.753125,2.115625,3.45625
0.790625,0.715625,0.703125,0.715625,0.61875,0.69375,0.690625,0.7625,0.8,0.91875,0.6875,0.734375,0.734375,0.715625,4.7125,2.4375,0.721875,0.74375,0.74375,0.975,0.675,1.69375,0.6625,0.878125,2.009375,0.74375
0.734375,0.6875,0.671875,0.71875,0.615625,0.75625,0.725,0.70625,0.878125,0.7125,0.765625,0.7,0.725,0.7375,4.125,1.875,0.7,0.7875,0.86875,2.728125,0.684375,1.86875,0.73125,0.78125,3.725,0.903125
0.7125,0.684375,0.7375,0.746875,0.66875,0.746875,0.68125,0.771875,0.753125,0.771875,0.709375,0.734375,0.640625,1.3,3.753125,2.2375,1.165625,1.571875,0.7375,2.315625,0.71875,2.0,0.709375,0.73125,4.35,0.828125
0.740625,0.7375,0.71875,0.746875,1.978125,0.76875,0.784375,0.71875,0.75625,0.790625,0.709375,0.75,0.69375,0.721875,4.578125,3.203125,1.809375,4.04375,0.725,4.63125,0.959375,1.415625,0.778125,1.10625,3.396875,0.809375
0.746875,0.659375,0.721875,0.81875,0.709375,0.8125,0.75,0.771875,0.76875,0.871875,1.86875,0.725,0.709375,0.7625,4.365625,3.01875,1.3625,1.053125,0.721875,3.34375,0.75,1.090625,0.73125,1.784375,5.54375,0.778125
0.734375,0.73125,0.696875,0.765625,0.671875,0.73125,1.003125,0.746875,0.828125,0.98125,0.7875,0.684375,0.690625,0.76875,3.853125,4.16875,2.265625,1.0875,0.728125,3.053125,0.728125,1.81875,0.8625,1.20625,4.6625,1.85625
0.734375,0.70625,0.7375,0.721875,0.715625,0.71875,2.096875,0.76875,0.75625,0.9,0.78125,0.728125,0.6875,1.771875,7.8375,3.45625,1.278125,2.946875,0.721875,5.171875,1.184375,2.55,1.35,0.784375,5.278125,1.178125
0.75,0.728125,0.703125,0.75,0.7125,0.78125,0.734375,0.70625,0.7875,0.94375,0.771875,0.6875,0.728125,1.525,5.68125,3.70625,2.1,1.80625,0.771875,5.128125,0.76875,2.73125,1.171875,0.734375,5.575,1.603125
0.79375,0.721875,0.75625,0.74375,0.69375,0.746875,0.721875,0.815625,0.790625,0.99375,0.80625,0.784375,1.66875,0.91875,5.09375,3.1125,1.559375,2.5,2.209375,6.2375,0.74375,3.7625,1.51875,0.746875,4.575,2.453125
0.771875,0.74375,0.73125,0.734375,0.69375,0.80625,0.7625,0.7625,0.8,0.99375,0.771875,0.7125,0.771875,0.934375,5.76875,4.703125,3.05625,3.096875,0.78125,7.215625,0.759375,6.325,1.521875,0.778125,6.01875,3.41875
0.7625,0.784375,0.71875,0.746875,0.734375,0.740625,0.803125,0.728125,0.778125,1.084375,0.8875,0.746875,0.73125,2.378125,5.61875,4.865625,3.79375,3.396875,0.734375,7.065625,1.515625,7.45,2.3625,0.7375,5.6875,1.875
0.771875,0.75,0.728125,0.76875,0.7375,0.728125,0.725,0.709375,0.765625,0.859375,0.75,0.80625,0.775,1.45625,5.296875,4.546875,3.915625,4.615625,0.75,11.234375,1.56875,9.53125,2.259375,0.7875,6.478125,3.9125
0.7375,0.7375,0.7375,0.734375,0.725,0.746875,0.73125,0.703125,0.86875,0.91875,0.746875,0.721875,0.734375,1.2625,5.196875,6.4125,8.18125,4.6125,0.8,7.98125,1.459375,10.31875,1.775,0.76875,7.11875,6.53125
0.76875,0.7125,0.71875,0.828125,0.746875,0.753125,0.70625,0.809375,0.778125,1.040625,0.775,0.725,0.746875,1.859375,8.240625,5.475,6.4125,4.81875,0.75625,9.14375,1.8875,9.971875,4.09375,0.771875,10.2375,2.99375
0.790625,0.690625,0.74375,0.740625,0.74375,0.746875,0.75,0.725,0.775,1.134375,0.778125,0.784375,0.8625,2.9125,8.090625,6.078125,7.765625,7.296875,0.76875,7.9875,1.928125,8.71875,3.08125,0.765625,6.0,4.628125
0.75625,0.71875,0.771875,0.775,0.7125,0.734375,0.715625,0.784375,2.340625,1.2625,0.759375,0.721875,0.71875,3.29375,6.071875,7.0,15.984375,6.35625,0.834375,8.665625,2.784375,10.05,5.553125,0.796875,5.628125,6.05625
0.79375,0.784375,0.721875,0.75625,0.690625,0.74375,0.703125,0.984375,0.79375,1.128125,1.5625,0.74375,1.253125,1.24375,7.76875,8.046875,7.44375,9.109375,0.784375,10.953125,2.365625,13.725,3.95,0.7875,6.23125,6.559375
0.7125,0.73125,0.771875,0.775,0.78125,0.7625,0.740625,0.746875,1.14375,1.11875,0.753125,1.021875,1.421875,2.334375,7.584375,6.7,8.35,9.878125,1.078125,7.709375,4.08125,9.125,4.609375,1.65,6.73125,6.728125
0.7625,0.7625,0.94375,0.753125,0.7,0.759375,0.740625,0.71875,0.759375,1.10625,0.740625,1.975,1.534375,1.990625,11.46875,9.146875,11.025,11.6375,1.190625,9.64375,3.615625,10.34375,4.021875,1.953125,5.753125,5.65
0.790625,0.7375,0.721875,0.771875,0.7125,0.7625,0.778125,0.8,0.83125,1.24375,0.771875,0.746875,1.0125,1.9625,7.503125,10.759375,9.25,7.2875,3.659375,11.2625,5.0125,11.140625,8.08125,4.125,6.134375,5.640625
0.75625,0.790625,0.740625,0.778125,0.7375,0.725,0.715625,0.7,0.765625,1.7,0.73125,0.971875,2.075,2.028125,7.409375,6.775,9.621875,8.946875,2.4875,9.371875,4.64375,8.8375,5.109375,1.85625,4.95,4.96875
0.78125,0.7625,0.796875,0.79375,0.75625,0.728125,0.73125,0.728125,0.771875,2.1,0.7875,0.803125,1.309375,1.5375,11.4125,11.06875,12.046875,9.284375,1.79375,9.959375,4.221875,17.896875,7.896875,3.021875,6.403125,7.3375
0.796875,0.78125,0.796875,0.75,0.696875,0.740625,0.7125,0.71875,0.86875,2.496875,0.796875,2.096875,3.70625,2.834375,8.0375,9.85625,20.675,11.075,3.13125,10.3875,4.275,16.6,8.0375,3.353125,6.003125,7.69375
0.821875,0.765625,0.78125,0.796875,0.75,0.79375,0.75625,0.725,0.796875,3.3625,0.775,0.85625,3.834375,3.784375,8.415625,6.703125,7.940625,9.265625,3.178125,10.546875,7.571875,11.715625,5.675,2.834375,8.271875,7.540625
0.771875,0.725,0.775,0.79375,0.746875,0.79375,0.7875,0.790625,0.796875,2.253125,0.753125,1.190625,2.975,4.371875,10.384375,8.6,12.4625,10.134375,5.59375,10.415625,5.528125,22.39375,5.109375,12.015625,11.14375,11.640625
0.809375,0.765625,0.73125,0.775,0.734375,0.81875,0.70625,0.759375,0.7625,2.6625,0.7375,1.653125,6.75625,3.165625,8.125,11.46875,11.33125,11.59375,4.4375,17.384375,6.921875,17.546875,6.446875,3.790625,6.9875,10.559375
0.75625,0.75,0.7375,0.790625,0.7,0.76875,0.76875,0.746875,0.746875,2.58125,0.75625,1.10625,2.821875,4.08125,9.1625,9.5375,12.409375,14.225,4.65625,17.5,6.8375,18.084375,5.315625,4.6375,9.15625,11.028125
0.75,0.809375,0.74375,0.778125,0.75,0.8,0.728125,0.7375,0.753125,3.2375,0.771875,1.36875,3.896875,4.321875,14.909375,11.13125,17.278125,14.790625,5.0125,17.54375,7.428125,19.28125,6.721875,4.58125,12.65625,15.18125
0.740625,0.74375,0.715625,0.75625,0.71875,0.759375,0.75625,0.76875,0.778125,3.1,0.771875,2.540625,6.003125,3.625,9.8875,10.059375,11.86875,13.45,5.128125,12.403125,8.403125,44.40625,7.746875,9.109375,11.26875,8.5
0.765625,0.734375,0.753125,0.809375,0.790625,0.8125,0.78125,0.746875,0.79375,3.7625,0.7875,2.159375,4.73125,4.23125,12.234375,10.9,16.2375,12.490625,7.9125,18.428125,7.925,28.271875,8.75625,6.51875,12.71875,10.7625
0.778125,0.759375,0.753125,0.85625,0.778125,0.75,0.74375,0.7125,0.778125,2.865625,0.778125,0.95625,5.90625,4.496875,18.465625,12.184375,12.790625,13.88125,11.640625,11.034375,7.165625,20.878125,11.05625,6.25625,11.921875,11.49375
0.784375,0.775,0.7125,0.771875,0.703125,0.78125,0.7875,0.746875,0.759375,3.375,0.778125,1.778125,8.721875,5.5375,11.440625,15.940625,14.290625,13.79375,11.20625,13.71875,16.546875,20.109375,9.671875,7.353125,20.11875,12.359375
0.7875,0.7875,0.721875,0.825,0.71875,0.765625,0.759375,0.7625,0.8125,4.615625,0.75625,1.33125,5.296875,5.828125,15.509375,12.78125,10.759375,18.165625,7.43125,16.49375,10.73125,11.946875,10.4,6.31875,12.8125,11.65
0.753125,0.734375,0.746875,0.834375,0.7625,0.765625,0.790625,0.784375,0.753125,3.73125,0.78125,0.975,8.921875,6.496875,15.7125,11.69375,13.721875,18.6375,13.284375,11.26875,10.325,15.309375,10.525,6.403125,11.603125,11.509375
0.746875,0.73125,0.75625,0.8125,0.725,0.75,0.765625,0.85625,0.746875,4.390625,0.746875,1.43125,3.834375,5.953125,16.834375,11.903125,14.93125,22.275,11.353125,15.1,8.196875,16.85,12.13125,8.73125,21.03125,18.1125
0.78125,0.7875,0.759375,0.790625,0.775,0.796875,0.771875,0.99375,0.759375,4.809375,0.765625,1.190625,4.7875,5.04375,15.853125,20.65,17.20625,26.521875,14.621875,14.528125,6.734375,19.565625,20.140625,7.85625,19.559375,18.44375
0.775,0.753125,0.746875,0.78125,0.79375,0.778125,0.740625,0.775,0.759375,4.6875,0.79375,0.965625,5.496875,6.465625,11.6875,13.04375,16.934375,19.7625,12.015625,13.20625,7.6375,32.54375,18.471875,8.19375,24.0625,12.703125
0.759375,0.821875,0.8,0.75625,0.759375,0.809375,0.765625,0.784375,0.8875,3.490625,0.759375,3.15625,6.40625,6.628125,12.134375,11.959375,12.41875,20.60625,14.3625,13.3,9.678125,26.209375,15.125,12.45625,13.76875,19.5875
0.778125,0.734375,0.725,0.83125,0.746875,0.796875,0.728125,0.734375,0.7875,3.70625,0.778125,4.2875,4.828125,8.515625,18.99375,14.58125,15.521875,19.315625,14.878125,19.540625,11.75625,22.175,22.45625,10.15625,14.353125,12.346875
0.76875,0.734375,0.74375,0.75,0.825,0.975,0.821875,0.74375,0.79375,5.375,0.725,4.15625,5.525,10.671875,17.071875,14.91875,17.24375,23.959375,10.896875,14.04375,11.5375,22.31875,21.515625,10.975,13.946875,12.465625
0.75625,0.740625,0.81875,0.796875,0.740625,1.075,0.846875,0.709375,0.784375,4.61875,0.765625,1.93125,7.08125,11.73125,15.546875,15.659375,11.703125,17.4125,15.553125,18.465625,11.5375,20.81875,35.828125,14.528125,12.915625,20.28125
0.75,0.78125,0.76875,0.759375,0.7375,0.81875,0.765625,0.7875,0.834375,5.065625,0.7375,2.90625,7.490625,11.21875,17.8625,17.653125,12.0125,21.109375,13.453125,21.80625,18.040625,20.040625,19.225,12.003125,19.09375,19.565625
0.7375,0.803125,0.765625,0.828125,0.796875,0.775,0.728125,0.728125,0.784375,5.8375,0.753125,1.41875,7.321875,10.49375,10.234375,18.878125,12.434375,24.05,21.234375,25.765625,11.7,41.3,20.35,8.490625,22.33125,17.746875
0.75,0.765625,0.73125,0.80625,0.740625,0.8,0.7375,0.809375,0.796875,4.125,0.784375,1.665625,6.5625,9.965625,12.425,17.8375,14.040625,22.08125,18.471875,29.24375,15.415625,22.35625,14.91875,15.19375,18.915625,21.415625
0.771875,0.753125,0.740625,0.771875,0.771875,0.859375,0.759375,0.75625,0.821875,5.2375,0.790625,2.0625,7.49375,8.475,18.209375,18.271875,17.11875,17.740625,20.553125,19.96875,10.821875,43.73125,21.95,11.1875,18.675,12.196875
0.7625,0.84375,0.80625,0.75,0.80625,0.79375,0.765625,0.76875,0.825,5.625,0.80625,3.609375,10.015625,8.25625,13.08125,19.303125,17.440625,16.796875,20.565625,14.2875,9.653125,23.475,19.4375,12.91875,11.8625,19.7
0.796875,0.75625,0.7875,0.79375,0.740625,0.859375,0.759375,0.80625,0.809375,6.9125,0.778125,6.878125,6.853125,9.73125,10.753125,18.665625,12.7875,18.609375,18.790625,12.303125,13.1625,44.734375,15.878125,16.3125,13.5625,19.178125
0.784375,0.753125,0.803125,0.784375,0.76875,0.8125,0.715625,0.753125,0.79375,5.659375,0.76875,3.528125,7.134375,13.909375,21.475,17.884375,14.109375,21.1,19.03125,9.771875,16.084375,21.4375,14.065625,10.003125,13.06875,15.10625
0.746875,0.73125,0.790625,0.80625,0.759375,0.796875,0.75,0.775,0.790625,6.671875,0.796875,4.796875,8.915625,13.428125,16.571875,18.03125,16.278125,20.871875,20.8,12.1375,20.49375,24.0,17.378125,14.14375,12.1375,20.45625
0.765625,0.746875,0.78125,0.78125,0.7875,0.796875,0.7625,0.75625,0.759375,4.871875,0.7875,4.69375,12.659375,10.175,12.096875,18.0625,19.765625,21.303125,21.421875,14.753125,12.334375,51.50625,44.025,11.253125,12.353125,42.671875
0.75625,0.8,0.790625,0.809375,0.8125,0.79375,0.75,0.775,0.784375,5.54375,0.75625,3.9625,7.715625,14.0375,19.0125,20.20625,17.5625,19.19375,19.440625,19.840625,17.721875,50.24375,19.85,12.521875,11.896875,28.5375
0.796875,0.778125,0.771875,0.809375,0.771875,0.796875,0.725,0.765625,0.753125,6.209375,0.76875,4.809375,12.309375,11.628125,14.240625,21.696875,14.028125,22.896875,19.434375,14.190625,22.04375,42.146875,20.003125,13.7,12.14375,18.765625
0.7625,0.7375,0.753125,0.825,0.75625,0.771875,0.746875,0.78125,0.8,5.859375,0.76875,3.496875,15.9625,13.165625,18.271875,20.009375,21.2375,22.746875,17.853125,23.509375,17.903125,22.259375,35.0625,22.79375,15.709375,20.753125
0.7875,0.753125,0.771875,0.78125,0.765625,0.79375,0.746875,0.75,0.809375,6.01875,0.821875,4.709375,8.190625,9.46875,17.396875,19.45,19.396875,20.575,17.965625,18.534375,19.4125,19.828125,19.884375,18.428125,21.05625,43.403125
0.778125,0.7875,0.790625,0.78125,0.721875,0.809375,0.78125,1.853125,0.81875,5.265625,0.80625,7.2,12.0,11.275,17.753125,19.596875,20.325,20.3125,21.684375,19.503125,19.225,22.309375,19.490625,16.8375,18.61875,22.203125
0.74375,0.79375,0.809375,0.75,0.76875,0.79375,0.75,1.95625,0.784375,5.409375,0.796875,4.215625,10.36875,11.121875,13.76875,18.6,22.325,21.575,20.134375,22.465625,19.38125,19.803125,19.4625,16.896875,45.715625,40.3875
0.796875,0.778125,0.75625,0.784375,0.8,0.803125,0.76875,1.121875,0.8,4.609375,0.75625,4.36875,10.2,11.5375,11.465625,19.034375,27.021875,25.409375,20.775,19.16875,18.3625,21.140625,21.796875,15.334375,20.50625,53.528125
0.7875,0.75,0.771875,0.784375,0.75625,0.78125,0.75625,1.146875,0.828125,4.965625,0.778125,5.575,10.909375,12.5,15.79375,20.746875,26.259375,22.340625,18.609375,21.38125,13.846875,21.525,16.265625,16.815625,21.634375,21.6375
0.79375,0.8,0.771875,0.76875,0.75,0.828125,0.740625,1.5125,0.784375,5.1625,0.759375,6.24375,15.0625,11.2375,20.71875,18.615625,18.975,26.96875,20.49375,19.28125,20.35,23.88125,19.41875,15.925,38.08125,20.25
0.784375,0.75625,0.746875,0.790625,0.74375,0.815625,0.7125,1.2125,0.771875,5.76875,0.759375,7.209375,12.01875,12.690625,18.728125,21.275,23.915625,20.590625,20.9375,18.796875,18.159375,20.5375,18.771875,21.4375,19.096875,21.315625
0.771875,0.734375,0.765625,0.828125,0.740625,0.765625,0.75625,1.265625,0.765625,5.521875,0.775,6.05625,19.4625,11.96875,20.453125,20.096875,22.809375,19.39375,21.93125,22.921875,20.490625,20.85625,21.278125,19.103125,24.675,23.20625
0.796875,0.80625,0.73125,0.775,0.73125,0.878125,0.81875,1.71875,0.784375,4.721875,0.775,6.159375,11.78125,14.325,20.1625,21.9,20.046875,21.28125,20.575,16.640625,21.428125,43.25625,17.765625,12.884375,20.31875,42.890625
0.79375,0.740625,0.796875,0.76875,0.721875,0.8125,0.74375,2.090625,0.834375,4.690625,0.7375,6.5,10.909375,12.646875,18.875,18.35625,16.95,21.178125,20.01875,18.734375,21.23125,23.478125,20.434375,20.3,51.509375,43.1125
0.75,0.753125,0.74375,0.765625,0.740625,0.840625,0.759375,1.121875,0.8125,5.140625,0.803125,4.6625,17.03125,17.4,18.178125,19.896875,17.965625,19.584375,20.5875,15.91875,22.109375,20.765625,47.5375,18.30625,19.83125,38.40625
0.78125,0.778125,0.83125,0.803125,0.734375,0.8375,0.75,1.075,0.771875,4.890625,0.75625,5.540625,17.5875,15.703125,23.184375,20.49375,22.8875,20.815625,20.7875,20.5125,22.45,21.715625,21.84375,23.503125,29.390625,44.603125
0.728125,0.79375,0.790625,0.790625,0.709375,0.790625,0.715625,1.3875,0.8125,4.875,0.790625,4.71875,15.153125,20.11875,17.86875,18.7875,19.20625,21.415625,20.3125,43.40625,21.35625,20.43125,31.190625,17.765625,23.9625,52.178125
0.759375,0.815625,0.76875,0.778125,0.715625,0.8125,0.75625,0.825,0.83125,4.93125,0.790625,5.965625,15.53125,19.5875,18.71875,19.696875,24.896875,20.784375,18.475,18.984375,19.925,35.865625,32.54375,24.13125,22.603125,41.346875
0.803125,1.05625,0.746875,0.765625,0.75,0.80625,0.765625,0.784375,0.8,5.103125,0.75,7.90625,18.859375,20.13125,20.83125,19.428125,19.4625,21.6625,20.825,19.090625,20.903125,42.109375,22.021875,21.009375,23.125,43.4375
0.784375,0.840625,0.7625,0.8,0.803125,1.0125,0.759375,0.884375,0.809375,5.215625,0.790625,8.015625,18.0125,17.7875,19.96875,20.046875,20.975,22.928125,21.95,18.934375,21.1125,22.546875,21.88125,38.115625,28.434375,43.86875
0.775,0.75,0.7625,0.7875,0.778125,0.809375,0.73125,0.75625,0.81875,5.396875,0.81875,11.959375,11.68125,16.640625,19.61875,19.509375,20.059375,21.284375,22.728125,16.025,21.090625,21.56875,31.29375,20.05625,24.8375,43.759375
0.809375,0.753125,0.75625,0.74375,0.76875,0.825,0.75,0.828125,0.825,5.53125,0.809375,8.2125,17.740625,18.171875,21.2625,20.815625,25.60625,21.9375,23.0,21.75625,23.775,21.975,40.865625,19.909375,49.93125,23.309375
0.74375,0.75625,0.74375,0.790625,0.7625,0.775,0.740625,0.79375,0.825,5.221875,0.784375,7.39375,13.253125,14.25625,18.3,19.33125,21.0125,19.265625,20.990625,20.4,22.5625,22.36875,29.31875,29.678125,25.20625,53.74375
0.790625,0.78125,0.80625,0.778125,0.7375,0.825,0.753125,0.78125,0.796875,5.1125,0.784375,8.18125,13.33125,19.334375,18.446875,18.421875,21.665625,20.996875,20.81875,12.690625,34.434375,20.465625,47.590625,38.94375,42.6875,54.171875
0.7875,0.7875,0.740625,0.825,0.809375,0.81875,0.7625,0.79375,0.79375,5.709375,0.775,13.9625,16.59375,20.1375,18.1375,19.815625,20.8375,20.971875,25.61875,17.865625,20.434375,23.85625,51.171875,19.846875,49.675,52.384375
0.76875,0.725,0.728125,0.784375,0.778125,0.75625,0.74375,0.771875,0.790625,5.509375,0.83125,8.4375,15.440625,17.10625,24.796875,20.753125,20.58125,22.046875,19.178125,14.7625,32.95625,20.45,51.184375,21.4625,41.19375,23.690625
0.725,0.75625,0.759375,0.7625,0.81875,0.821875,0.728125,0.796875,0.76875,5.71875,0.771875,8.20625,18.6625,18.828125,19.409375,20.6,20.190625,23.671875,19.5625,17.23125,20.478125,18.109375,20.821875,21.46875,39.18125,39.0
0.753125,0.753125,0.75625,0.778125,0.75,0.809375,0.725,0.78125,0.784375,5.215625,0.771875,8.546875,11.109375,20.4875,19.596875,19.934375,19.53125,19.790625,25.3375,18.95625,38.16875,22.30625,22.434375,21.39375,48.771875,43.825
0.765625,0.74375,0.75625,0.796875,0.759375,0.825,0.7625,0.8,0.8125,7.321875,0.790625,7.28125,17.38125,18.1875,18.5375,20.0875,20.775,22.15,23.74375,20.896875,20.3625,22.215625,20.878125,21.875,48.7625,50.71875
0.75625,0.7875,0.753125,0.809375,0.79375,0.83125,0.725,0.76875,0.8,5.7125,0.790625,9.296875,17.375,21.15625,19.246875,19.4875,22.14375,22.825,22.859375,20.528125,20.83125,21.79375,25.08125,37.34375,40.140625,45.675
0.80625,0.790625,0.7375,0.771875,0.765625,0.809375,0.734375,0.7625,0.803125,5.4125,0.865625,10.575,19.04375,18.121875,21.571875,19.865625,19.271875,22.140625,24.084375,16.30625,20.675,22.3875,23.078125,63.39375,47.609375,46.740625
0.76875,0.74375,0.746875,0.790625,0.775,0.803125,0.771875,0.784375,0.821875,7.34375,0.74375,10.2375,17.575,21.565625,17.665625,19.3,19.971875,21.90625,22.68125,27.271875,19.871875,22.05,23.3875,23.865625,46.353125,53.190625
0.846875,0.74375,0.78125,0.796875,0.74375,0.840625,0.803125,0.753125,0.803125,5.9125,0.8125,9.109375,19.31875,19.246875,19.346875,20.10625,22.7875,20.2875,25.1875,19.51875,20.11875,22.1125,23.809375,20.64375,21.909375,41.653125
0.740625,0.759375,0.815625,0.78125,0.7375,0.8125,0.821875,0.775,0.759375,5.525,0.7875,12.534375,17.784375,20.95625,20.378125,23.53125,21.66875,22.5375,23.50625,20.690625,21.225,22.303125,23.75625,36.5375,29.875,46.00625
0.771875,0.796875,0.80625,0.79375,0.771875,0.7875,0.740625,0.7625,0.80625,6.1125,0.89375,11.159375,18.696875,20.7625,19.209375,19.465625,19.734375,21.88125,22.83125,21.35625,33.509375,21.93125,22.04375,45.215625,23.884375,46.421875
0.846875,0.7625,0.790625,0.821875,0.76875,0.796875,0.75625,0.784375,0.75625,5.453125,0.79375,11.328125,19.859375,19.459375,20.246875,22.278125,23.21875,22.853125,22.753125,39.540625,39.596875,21.1375,56.059375,38.584375,21.8625,49.55
0.7625,0.78125,0.846875,0.765625,0.7375,0.85,0.84375,0.759375,0.803125,6.171875,0.81875,8.73125,18.678125,19.840625,19.4,20.85625,22.71875,22.5375,23.4875,37.7125,20.671875,21.1875,42.36875,38.890625,50.6,48.684375
0.796875,0.75,0.75625,0.78125,0.740625,0.803125,0.81875,0.753125,0.8125,5.64375,0.81875,8.046875,19.69375,20.46875,20.2875,18.371875,20.96875,21.19375,22.71875,23.6875,27.16875,21.209375,37.2,42.440625,30.009375,53.790625
0.778125,0.75625,0.803125,0.803125,0.8,0.828125,0.74375,0.771875,0.778125,7.1125,0.759375,10.784375,16.909375,20.190625,20.271875,19.603125,21.625,21.38125,19.859375,20.94375,43.18125,22.040625,32.1625,45.146875,27.93125,50.984375
0.765625,0.79375,0.840625,0.8125,0.778125,0.765625,0.765625,0.75625,2.94375,5.571875,0.803125,11.6,19.303125,19.940625,18.94375,20.89375,20.490625,23.078125,23.115625,16.88125,24.434375,18.51875,20.5375,42.590625,21.0,57.571875
0.796875,0.75625,0.759375,0.78125,0.79375,0.775,0.734375,0.81875,0.784375,5.85,0.7875,19.471875,19.0875,20.38125,17.059375,19.4625,21.68125,22.75,22.590625,15.653125,21.021875,24.946875,19.16875,34.071875,22.040625,53.8125
0.759375,0.8125,0.759375,0.78125,0.815625,0.85,0.753125,0.771875,1.25,6.1,0.81875,16.325,17.571875,19.80625,19.259375,22.178125,22.271875,22.46875,22.140625,17.175,20.909375,22.3875,30.971875,39.3125,21.85625,47.959375
0.759375,0.78125,0.821875,0.753125,0.74375,0.809375,0.73125,0.809375,1.49375,5.534375,1.390625,10.865625,17.690625,19.50625,17.821875,21.4375,21.484375,22.33125,23.209375,17.975,22.221875,21.725,22.05625,33.840625,21.665625,48.746875
0.76875,0.76875,0.75,0.7875,0.7625,0.790625,0.746875,0.778125,0.8125,7.91875,1.25,16.334375,18.65625,18.85625,20.578125,21.0,21.415625,24.553125,23.278125,20.725,21.453125,22.31875,24.14375,42.190625,24.628125,51.56875
0.78125,0.721875,0.7875,0.803125,0.771875,0.784375,0.74375,0.74375,0.80625,5.55,0.784375,10.571875,17.4875,19.79375,19.15625,21.5875,22.21875,22.9875,23.853125,19.90625,25.9625,21.8625,48.596875,44.01875,22.79375,55.41875
0.7875,0.775,0.809375,0.784375,0.790625,0.8,0.746875,0.809375,2.4125,5.765625,0.78125,13.34375,11.6875,20.459375,15.48125,19.83125,20.953125,21.9875,23.871875,20.509375,22.54375,20.85,20.73125,41.03125,21.75,58.315625
0.7625,0.75,0.76875,0.78125,0.76875,0.828125,0.753125,0.8125,0.840625,5.896875,0.8875,15.69375,17.765625,21.7375,18.78125,21.553125,21.359375,21.303125,24.43125,23.60625,20.36875,21.54375,22.13125,43.4,23.440625,56.665625
0.796875,0.75625,0.75625,0.78125,0.79375,0.80625,0.75,0.78125,0.996875,5.60625,0.8625,17.403125,20.696875,21.928125,22.30625,20.515625,22.09375,23.075,24.63125,19.565625,40.971875,12.790625,40.71875,46.646875,22.490625,46.69375
0.775,0.8,0.803125,0.809375,0.75,0.828125,0.725,0.796875,0.775,6.375,0.821875,12.425,19.01875,19.10625,21.31875,20.615625,23.259375,23.25,26.096875,21.853125,22.64375,17.84375,57.625,43.63125,21.528125,58.690625
0.778125,0.79375,0.75625,0.78125,0.8,0.790625,0.79375,0.775,0.8,7.071875,1.18125,15.40625,20.321875,19.7875,17.825,21.778125,21.521875,22.2,25.371875,18.690625,21.8125,21.953125,20.615625,42.60625,23.1625,55.021875
0.8125,0.753125,0.765625,0.8,0.7625,0.834375,0.753125,0.76875,0.775,6.084375,2.5,16.49375,18.603125,20.78125,17.80625,20.225,20.6125,23.028125,25.609375,22.85,20.88125,20.8625,21.95625,41.221875,21.4,52.765625
0.796875,0.790625,0.81875,0.796875,0.790625,0.803125,0.796875,0.775,0.89375,6.828125,1.7125,11.109375,19.315625,21.509375,18.925,20.803125,21.34375,23.321875,24.3,20.615625,22.41875,22.175,23.3875,44.778125,38.28125,54.121875
0.790625,0.74375,0.75625,0.8375,0.759375,0.83125,0.7625,0.778125,0.753125,6.234375,2.090625,16.4125,20.18125,19.040625,15.13125,21.046875,21.746875,24.221875,24.98125,23.2125,22.815625,22.746875,26.3125,44.7125,23.246875,51.128125
0.790625,0.746875,0.784375,0.76875,0.784375,0.8375,0.74375,0.778125,1.046875,6.375,2.95625,16.2625,19.640625,21.08125,16.78125,20.690625,22.084375,23.665625,24.45625,19.721875,17.94375,21.278125,17.85625,45.709375,44.428125,54.634375
0.78125,0.753125,0.8,0.8,0.790625,0.81875,0.815625,0.8,1.228125,5.815625,2.803125,12.971875,18.33125,20.821875,20.346875,20.575,22.86875,23.659375,25.4375,22.5875,22.259375,30.109375,19.484375,43.990625,50.315625,58.984375
0.784375,0.753125,0.74375,0.85,0.746875,0.85625,0.746875,0.78125,0.771875,7.209375,2.70625,11.928125,16.390625,19.396875,20.496875,21.053125,21.325,21.51875,25.19375,20.678125,23.321875,19.971875,21.709375,45.16875,23.153125,56.65
0.775,0.78125,0.7875,0.76875,0.825,0.815625,0.778125,0.83125,0.784375,5.9,3.9,11.425,18.759375,21.184375,18.096875,22.15625,23.065625,22.078125,25.29375,20.5875,21.7,20.53125,21.05,45.60625,49.528125,54.615625
0.7875,0.775,0.825,0.803125,0.76875,0.821875,0.75,0.79375,0.8625,5.93125,3.625,15.315625,18.15,19.86875,18.4625,20.440625,23.725,21.59375,24.99375,21.0375,22.05,23.778125,21.234375,45.303125,42.746875,58.184375
0.7875,0.78125,0.8,0.81875,0.746875,0.796875,0.8375,0.8,0.815625,5.940625,4.725,11.115625,18.45,21.021875,19.059375,23.009375,23.259375,22.259375,24.965625,21.221875,21.553125,22.084375,39.228125,48.940625,49.715625,58.96875
0.75625,0.796875,0.759375,0.840625,0.775,0.828125,0.725,0.79375,0.79375,7.23125,4.153125,10.784375,21.59375,19.49375,20.09375,20.68125,22.696875,24.15,25.846875,22.653125,21.646875,22.3625,20.371875,45.11875,51.678125,60.625
0.8125,0.775,0.809375,0.778125,0.790625,0.84375,0.75,0.740625,0.828125,6.175,4.9875,15.9125,14.10625,20.928125,19.846875,20.990625,21.80625,22.184375,25.95,28.4875,22.690625,22.784375,15.41875,51.925,48.6875,55.878125
0.834375,0.80625,0.825,0.796875,0.78125,0.815625,0.75625,0.80625,1.325,7.215625,5.209375,11.128125,17.91875,20.275,17.715625,21.021875,23.646875,21.7125,24.39375,34.334375,22.3125,23.9125,15.303125,47.7375,58.053125,55.071875
0.775,0.809375,0.775,0.778125,0.784375,0.871875,0.7625,0.796875,0.771875,6.3875,5.50625,11.996875,21.075,19.815625,21.6,20.7625,21.90625,20.79375,25.78125,20.484375,22.421875,23.4625,21.378125,59.6125,48.321875,52.9
0.8,0.7625,0.734375,0.771875,0.771875,0.8125,0.815625,0.771875,0.83125,5.83125,4.915625,13.453125,17.559375,19.196875,20.25,20.14375,22.828125,21.921875,23.465625,18.065625,22.396875,21.9,22.746875,54.4625,25.78125,58.45
0.821875,0.74375,0.753125,0.79375,0.759375,0.790625,0.734375,0.803125,0.771875,7.215625,7.846875,14.0875,19.984375,20.16875,19.065625,21.9625,21.771875,22.7625,25.921875,20.215625,22.509375,21.496875,23.39375,43.6375,24.159375,55.053125
0.803125,0.753125,0.734375,0.79375,0.8125,0.796875,0.734375,0.78125,0.825,6.65625,7.921875,11.1875,19.765625,18.95625,20.378125,20.975,21.0625,22.31875,26.2125,19.75,21.865625,22.95625,21.05625,45.3375,51.5,53.1375
0.7875,0.71875,0.734375,0.8125,0.7625,0.821875,0.821875,0.803125,0.85,6.028125,9.65,18.328125,18.965625,19.75,17.528125,23.096875,22.8125,20.984375,28.021875,19.134375,23.053125,21.909375,27.065625,47.34375,51.684375,52.21875
0.775,0.75,0.771875,0.75,0.734375,0.80625,0.759375,0.825,0.75625,5.715625,9.54375,14.065625,20.2,18.88125,19.36875,22.725,21.146875,23.490625,27.15625,19.1875,23.046875,20.540625,41.003125,45.35625,51.5875,55.934375
0.815625,0.7875,0.74375,0.78125,0.746875,0.815625,0.7875,0.815625,0.8125,5.5875,8.121875,16.70625,19.034375,20.175,21.9125,22.23125,22.703125,21.478125,26.896875,21.396875,22.921875,21.696875,20.240625,48.128125,29.015625,55.53125
